Country,Year,Area_Harvested_ha,Production_tonnes,Yield_kg_per_ha
Algeria,1969,97260.0,118902.0,1222.5
Algeria,1970,98840.0,137571.0,1391.9
Algeria,1971,125090.0,167836.0,1341.7
Algeria,1972,146300.0,171550.0,1172.6
Algeria,1973,151130.0,119061.0,787.8
Algeria,1974,166220.0,172896.0,1040.2
Algeria,1975,175910.0,197267.0,1121.4
Algeria,1976,184080.0,221015.0,1200.6
Algeria,1977,167020.0,116363.0,696.7
Algeria,1978,171220.0,88414.0,516.4
Algeria,1979,182180.0,156920.0,861.3
Algeria,1980,179540.0,103431.0,576.1
Algeria,1981,176370.0,213812.0,1212.3
Algeria,1982,176880.0,143265.0,810.0
Algeria,1983,184260.0,135317.0,734.4
Algeria,1984,161260.0,102031.0,632.7
Algeria,1985,162740.0,159155.0,978.0
Algeria,1986,164630.0,201625.0,1224.7
Algeria,1987,161680.0,168172.0,1040.2
Algeria,1988,161150.0,142892.0,886.7
Algeria,1989,161500.0,92453.0,572.5
Algeria,1990,170170.0,177907.0,1045.5
Algeria,1991,164520.0,87736.0,533.3
Algeria,1992,164290.0,265520.0,1616.2
Algeria,1993,161380.0,206073.0,1276.9
Algeria,1994,161260.0,170360.0,1056.4
Algeria,1995,160780.0,130964.0,814.6
Algeria,1996,165040.0,313334.0,1898.5
Algeria,1997,162840.0,319474.0,1961.9
Algeria,1998,165260.0,124060.0,750.7
Algeria,1999,165600.0,363381.0,2194.3
Algeria,2000,168080.0,217112.0,1291.7
Algeria,2001,177220.0,200339.0,1130.5
Algeria,2002,190550.0,191926.0,1007.2
Algeria,2003,209730.0,167627.0,799.3
Algeria,2004,226337.0,468800.0,2071.2
Algeria,2005,239352.0,316489.0,1322.3
Algeria,2006,263352.0,264733.0,1005.2
Algeria,2007,276253.0,208952.0,756.4
Algeria,2008,282460.0,254067.0,899.5
Algeria,2009,288442.0,475182.0,1647.4
Algeria,2010,294200.0,311252.0,1058.0
Algeria,2011,311930.0,610776.0,1958.1
Algeria,2012,328884.0,393840.0,1197.5
Algeria,2013,348196.0,578740.0,1662.1
Algeria,2014,383443.0,482860.0,1259.3
Algeria,2015,406571.0,653725.0,1607.9
Algeria,2016,423683.0,696431.48,1643.8
Algeria,2017,432959.0,684460.56,1580.9
Algeria,2018,431009.0,860784.44,1997.1
Algeria,2019,431506.0,868754.0,2013.3
Algeria,2020,438828.0,1079508.0,2460.0
Algeria,2021,440008.0,704619.0,1601.4
Algeria,2022,470759.0,850868.13,1807.4
Algeria,2023,486141.0,913339.99,1878.8
Algeria,2024,474116.0,913242.78,1926.2
Egypt,1961,2800.0,8564.0,3058.6
Egypt,1962,4000.0,11725.0,2931.3
Egypt,1963,2700.0,7805.0,2890.7
Egypt,1964,3500.0,10329.0,2951.1
Egypt,1965,3500.0,10370.0,2962.9
Egypt,1966,2300.0,6952.0,3022.6
Egypt,1967,3700.0,11000.0,2973.0
Egypt,1968,2500.0,8000.0,3200.0
Egypt,1969,2500.0,8000.0,3200.0
Egypt,1970,2300.0,7000.0,3043.5
Egypt,1971,2000.0,5875.0,2937.5
Egypt,1972,2500.0,8000.0,3200.0
Egypt,1973,2500.0,8000.0,3200.0
Egypt,1974,2500.0,8000.0,3200.0
Egypt,1975,2500.0,8000.0,3200.0
Egypt,1976,2700.0,7617.0,2821.1
Egypt,1977,1680.0,5498.0,3272.6
Egypt,1978,1660.0,5590.0,3367.5
Egypt,1979,1699.0,6108.0,3595.1
Egypt,1980,2152.0,4191.0,1947.5
Egypt,1981,2226.0,5396.0,2424.1
Egypt,1982,2300.0,7600.0,3304.3
Egypt,1983,2500.0,9000.0,3600.0
Egypt,1984,2520.0,8000.0,3174.6
Egypt,1985,2520.0,9000.0,3571.4
Egypt,1986,7980.0,27000.0,3383.5
Egypt,1987,9660.0,29000.0,3002.1
Egypt,1988,9240.0,30609.0,3312.7
Egypt,1989,9660.0,32297.0,3343.4
Egypt,1990,9050.0,41962.0,4636.7
Egypt,1991,10700.0,48725.0,4553.7
Egypt,1992,22683.0,94991.0,4187.8
Egypt,1993,26805.0,111687.0,4166.6
Egypt,1994,20121.0,130287.0,6475.2
Egypt,1995,22076.0,207982.0,9421.2
Egypt,1996,23445.0,208133.0,8877.5
Egypt,1997,24000.0,200000.0,8333.3
Egypt,1998,25000.0,200000.0,8000.0
Egypt,1999,43669.0,287080.0,6574.0
Egypt,2000,45513.0,281745.0,6190.4
Egypt,2001,47519.0,293903.0,6185.0
Egypt,2002,49532.0,336442.0,6792.4
Egypt,2003,49873.0,204722.0,4104.9
Egypt,2004,49086.0,315193.0,6421.2
Egypt,2005,49000.0,310000.0,6326.5
Egypt,2006,49000.0,500000.0,10204.1
Egypt,2007,46540.0,507053.0,10895.0
Egypt,2008,46200.0,480071.0,10391.1
Egypt,2009,46274.0,449009.0,9703.3
Egypt,2010,50161.0,390932.0,7793.5
Egypt,2011,52668.0,459650.0,8727.3
Egypt,2012,57551.0,563070.0,9783.8
Egypt,2013,61711.0,541790.0,8779.5
Egypt,2014,60837.0,565669.0,9298.1
Egypt,2015,69707.0,698927.0,10026.6
Egypt,2016,78968.0,874748.0,11077.2
Egypt,2017,91826.0,1094724.0,11921.7
Egypt,2018,89955.0,1083771.0,12047.9
Egypt,2019,103000.0,981000.0,9524.3
Egypt,2020,101000.0,968400.0,9588.1
Egypt,2021,108360.0,1056548.0,9750.4
Egypt,2022,112657.0,1011444.0,8978.1
Egypt,2023,116687.0,1185196.0,10157.1
Egypt,2024,117744.0,1269795.45,10784.4
Greece,1985,718000.0,1907000.0,2656.0
Greece,1986,721000.0,1336761.0,1854.0
Greece,1987,726000.0,1372315.0,1890.2
Greece,1988,678000.0,1603430.0,2364.9
Greece,1989,684000.0,1646725.0,2407.5
Greece,1990,691000.0,1003724.0,1452.6
Greece,1991,705000.0,2031000.0,2880.9
Greece,1992,713000.0,1847000.0,2590.5
Greece,1993,718514.0,1681065.92,2339.6
Greece,1994,725718.0,2001782.49,2758.3
Greece,1995,729344.0,2161730.87,2963.9
Greece,1996,741568.0,2131711.22,2874.6
Greece,1997,749090.0,2087160.79,2786.3
Greece,1998,758138.0,2427612.57,3202.1
Greece,1999,771980.0,2415049.29,3128.4
Greece,2000,780357.0,2501916.4,3206.1
Greece,2001,787500.0,2349933.77,2984.0
Greece,2002,793449.0,2862958.42,3608.2
Greece,2003,790840.0,2202856.49,2785.5
Greece,2004,794160.0,2204020.0,2775.3
Greece,2005,797321.0,2628910.54,3297.2
Greece,2006,796972.0,2425149.0,3043.0
Greece,2007,795724.0,2313016.63,2906.8
Greece,2008,797906.0,2291979.69,2872.5
Greece,2009,801533.0,2400580.2,2995.0
Greece,2010,806451.0,2559567.11,3173.9
Greece,2011,807567.0,2491025.8,3084.6
Greece,2012,807696.0,2764017.32,3422.1
Greece,2013,796674.0,1752074.83,2199.2
Greece,2014,818285.0,2592375.17,3168.1
Greece,2015,821206.0,2907865.78,3541.0
Greece,2016,797820.0,2755431.0,3453.7
Greece,2017,792643.0,2837778.0,3580.1
Greece,2018,963120.0,2764628.38,2870.5
Greece,2019,903080.0,3240063.0,3587.8
Greece,2020,906020.0,3051400.0,3367.9
Greece,2021,826390.0,3045100.0,3684.8
Greece,2022,846660.0,3208908.0,3790.1
Greece,2023,840620.0,2498942.0,2972.7
Italy,1961,1228800.0,2250000.0,1831.1
Italy,1962,1248300.0,1741000.0,1394.7
Italy,1963,1225300.0,2861000.0,2334.9
Italy,1964,1234200.0,1878000.0,1521.6
Italy,1965,1242700.0,2232000.0,1796.1
Italy,1966,1262800.0,1808400.0,1432.1
Italy,1967,1266100.0,2712200.0,2142.2
Italy,1968,1269600.0,1932900.0,1522.4
Italy,1969,1272200.0,2412800.0,1896.6
Italy,1970,1305900.0,2120500.0,1623.8
Italy,1971,1352700.0,3055900.0,2259.1
Italy,1972,1345400.0,1779200.0,1322.4
Italy,1973,1349400.0,2695800.0,1997.8
Italy,1974,1389200.0,2237000.0,1610.3
Italy,1975,1386800.0,3228000.0,2327.7
Italy,1976,1385700.0,1668100.0,1203.8
Italy,1977,1386300.0,3459500.0,2495.5
Italy,1978,1385100.0,2308100.0,1666.4
Italy,1979,1248200.0,2370000.0,1898.7
Italy,1980,1246900.0,3490800.0,2799.6
Italy,1981,1245000.0,3024000.0,2428.9
Italy,1982,1242800.0,2131700.0,1715.2
Italy,1983,1241126.0,4206000.0,3388.9
Italy,1984,1242704.0,1844500.0,1484.3
Italy,1985,1183467.0,3387900.0,2862.7
Italy,1986,1150949.0,1820400.0,1581.7
Italy,1987,1149676.0,3457400.0,3007.3
Italy,1988,1141145.0,2218130.0,1943.8
Italy,1989,1137672.0,3055810.0,2686.0
Italy,1990,1134133.0,912540.0,804.6
Italy,1991,1115322.0,3945830.0,3537.8
Italy,1992,1125435.0,2366366.0,2102.6
Italy,1993,1119210.0,2992866.0,2674.1
Italy,1994,1118740.0,2640328.0,2360.1
Italy,1995,1106662.0,3288580.0,2971.6
Italy,1996,1104120.0,2147340.0,1944.8
Italy,1997,1124320.0,3591085.0,3194.0
Italy,1998,1115100.0,2548510.0,2285.5
Italy,1999,1128266.0,3765100.0,3337.1
Italy,2000,1161600.0,2821000.0,2428.5
Italy,2001,1164558.0,3016200.0,2590.0
Italy,2002,1170362.0,3231300.0,2760.9
Italy,2003,1162713.0,3546130.0,3049.9
Italy,2004,1166000.0,4534231.0,3888.7
Italy,2005,1168600.0,3774812.0,3230.2
Italy,2006,1167862.0,3415683.0,2924.7
Italy,2007,1161311.0,3249800.0,2798.4
Italy,2008,1180500.0,3473600.0,2942.5
Italy,2009,1190000.0,3286600.0,2761.8
Italy,2010,1190800.0,3170700.0,2662.7
Italy,2011,1144422.0,3182204.0,2780.6
Italy,2012,1125382.0,3017537.1,2681.3
Italy,2013,1146863.0,2940545.2,2564.0
Italy,2014,1156784.0,1963676.0,1697.5
Italy,2015,1147877.0,2732893.9,2380.8
Italy,2016,1144947.0,2038303.0,1780.3
Italy,2017,1141893.0,2597974.0,2275.1
Italy,2018,1142120.0,1953540.0,1710.5
Italy,2019,1139470.0,2194110.0,1925.6
Italy,2020,1145520.0,2207150.0,1926.8
Italy,2021,1129000.0,2270630.0,2011.2
Italy,2022,1076520.0,2160400.0,2006.8
Italy,2023,1080060.0,2397880.0,2220.1
Italy,2024,1083010.0,2299660.0,2123.4
Libya,1985,62000.0,128000.0,2064.5
Libya,1986,62000.0,120000.0,1935.5
Libya,1987,60000.0,58002.0,966.7
Libya,1988,60000.0,61958.0,1032.6
Libya,1989,60000.0,64998.0,1083.3
Libya,1990,62247.0,67998.0,1092.4
Libya,1991,65000.0,80000.0,1230.8
Libya,1992,70000.0,100000.0,1428.6
Libya,1993,80000.0,120000.0,1500.0
Libya,1994,85000.0,140000.0,1647.1
Libya,1995,90000.0,168000.0,1866.7
Libya,1996,100000.0,185680.0,1856.8
Libya,1997,105000.0,190000.0,1809.5
Libya,1998,110000.0,200000.0,1818.2
Libya,1999,160000.0,275000.0,1718.8
Libya,2000,130000.0,165000.0,1269.2
Libya,2001,100000.0,150000.0,1500.0
Libya,2002,100000.0,150000.0,1500.0
Libya,2003,135402.0,167375.99,1236.1
Libya,2004,200000.0,180000.0,900.0
Libya,2005,195147.0,181118.26,928.1
Libya,2006,200000.0,180000.0,900.0
Libya,2007,200000.0,180000.0,900.0
Libya,2008,200000.0,180000.0,900.0
Libya,2009,205150.0,170890.0,833.0
Libya,2010,227602.0,177144.0,778.3
Libya,2011,234277.0,187310.39,799.5
Libya,2012,241106.0,184951.46,767.1
Libya,2013,251558.0,185762.17,738.4
Libya,2014,253467.0,180668.04,712.8
Libya,2015,224513.0,162743.91,724.9
Libya,2016,243179.0,176391.37,725.4
Libya,2017,245452.0,175437.38,714.8
Libya,2018,204510.0,141680.0,692.8
Libya,2019,205940.0,140180.0,680.7
Libya,2020,238760.0,172520.0,722.6
Libya,2021,235500.0,173260.0,735.7
Libya,2022,228473.0,168323.88,736.7
Libya,2023,207252.0,143083.59,690.4
Libya,2024,185238.0,128893.28,695.8
Morocco,1961,155000.0,139600.0,900.6
Morocco,1962,160000.0,145000.0,906.3
Morocco,1963,230000.0,200000.0,869.6
Morocco,1964,200000.0,177000.0,885.0
Morocco,1965,300000.0,267100.0,890.3
Morocco,1966,270000.0,240000.0,888.9
Morocco,1967,170000.0,152000.0,894.1
Morocco,1968,550000.0,491000.0,892.7
Morocco,1969,350000.0,320000.0,914.3
Morocco,1970,180000.0,160000.0,888.9
Morocco,1971,560000.0,506000.0,903.6
Morocco,1972,220000.0,195000.0,886.4
Morocco,1973,280000.0,254700.0,909.6
Morocco,1974,294700.0,218900.0,742.8
Morocco,1975,314400.0,312200.0,993.0
Morocco,1976,340000.0,304000.0,894.1
Morocco,1977,200000.0,180000.0,900.0
Morocco,1978,220000.0,200000.0,909.1
Morocco,1979,430000.0,390000.0,907.0
Morocco,1980,300000.0,267000.0,890.0
Morocco,1981,242100.0,200000.0,826.1
Morocco,1982,259700.0,432950.0,1667.1
Morocco,1983,281900.0,273900.0,971.6
Morocco,1984,286600.0,326700.0,1139.9
Morocco,1985,293200.0,368000.0,1255.1
Morocco,1986,301500.0,400000.0,1326.7
Morocco,1987,274200.0,453960.0,1655.6
Morocco,1988,331900.0,347000.0,1045.5
Morocco,1989,360300.0,650000.0,1804.1
Morocco,1990,365000.0,396000.0,1084.9
Morocco,1991,360000.0,550000.0,1527.8
Morocco,1992,395000.0,380000.0,962.0
Morocco,1993,412000.0,418000.0,1014.6
Morocco,1994,430000.0,500000.0,1162.8
Morocco,1995,415200.0,436360.0,1051.0
Morocco,1996,418800.0,908300.0,2168.8
Morocco,1997,426600.0,517600.0,1213.3
Morocco,1998,520000.0,708550.0,1362.6
Morocco,1999,520000.0,475750.0,914.9
Morocco,2000,540000.0,400000.0,740.7
Morocco,2001,550000.0,420000.0,763.6
Morocco,2002,477300.0,455200.0,953.7
Morocco,2003,481000.0,830100.0,1725.8
Morocco,2004,590000.0,500000.0,847.5
Morocco,2005,600000.0,750000.0,1250.0
Morocco,2006,522800.0,631210.0,1207.4
Morocco,2007,530900.0,659100.0,1241.5
Morocco,2008,547600.0,765380.0,1397.7
Morocco,2009,665400.0,850000.0,1277.4
Morocco,2010,830481.0,1506473.0,1814.0
Morocco,2011,900743.0,1415902.0,1571.9
Morocco,2012,968123.0,1315794.0,1359.1
Morocco,2013,922235.0,1181675.91,1281.3
Morocco,2014,946818.0,1573206.49,1661.6
Morocco,2015,1006491.0,1144237.93,1136.9
Morocco,2016,1008365.0,1416106.53,1404.4
Morocco,2017,1020569.0,1039116.84,1018.2
Morocco,2018,1045186.0,1561465.2,1494.0
Morocco,2019,1073493.0,1912237.71,1781.3
Morocco,2020,1068895.0,1409266.45,1318.4
Morocco,2021,1104083.0,1590504.0,1440.6
Morocco,2022,1201308.0,1968110.94,1638.3
Morocco,2023,1160032.0,988044.45,851.7
Morocco,2024,1238815.0,1079873.76,871.7
Portugal,1985,350000.0,240095.0,686.0
Portugal,1986,339511.0,355878.0,1048.2
Portugal,1987,339835.0,290675.0,855.3
Portugal,1988,340261.0,129700.0,381.2
Portugal,1989,340515.0,330795.0,971.5
Portugal,1990,337189.0,197686.0,586.3
Portugal,1991,333757.0,443633.0,1329.2
Portugal,1992,338948.0,157125.0,463.6
Portugal,1993,340579.0,248485.0,729.6
Portugal,1994,340672.0,232210.0,681.6
Portugal,1995,333144.0,319752.0,959.8
Portugal,1996,336621.0,284118.0,844.0
Portugal,1997,338414.0,319365.0,943.7
Portugal,1998,347271.0,234194.0,674.4
Portugal,1999,369032.0,332563.0,901.2
Portugal,2000,367351.0,174418.0,474.8
Portugal,2001,361606.0,232250.0,642.3
Portugal,2002,354040.0,223298.0,630.7
Portugal,2003,350064.0,243865.0,696.6
Portugal,2004,347276.0,311330.0,896.5
Portugal,2005,348426.0,211070.0,605.8
Portugal,2006,347901.0,372012.0,1069.3
Portugal,2007,347369.0,211230.0,608.1
Portugal,2008,347140.0,343971.0,990.9
Portugal,2009,344199.0,422978.0,1228.9
Portugal,2010,343219.0,445301.0,1297.4
Portugal,2011,345683.0,519780.0,1503.6
Portugal,2012,347292.0,429922.0,1237.9
Portugal,2013,351770.0,651741.0,1852.7
Portugal,2014,352350.0,455374.0,1292.4
Portugal,2015,351340.0,722893.0,2057.5
Portugal,2016,356183.0,476003.0,1336.4
Portugal,2017,358276.0,876215.0,2445.6
Portugal,2018,361180.0,738550.0,2044.8
Portugal,2019,378390.0,939070.0,2481.8
Portugal,2020,380850.0,735350.0,1930.8
Portugal,2021,380410.0,1375750.0,3616.5
Portugal,2022,379570.0,791660.0,2085.7
Portugal,2023,380880.0,1194990.0,3137.4
Portugal,2024,380780.0,1340820.0,3521.2
Spain,1980,1156500.0,2255000.0,1949.8
Spain,1981,2045000.0,1520800.0,743.7
Spain,1982,2045800.0,3337900.0,1631.6
Spain,1983,2050400.0,1328400.0,647.9
Spain,1984,2039100.0,3525400.0,1728.9
Spain,1985,2051000.0,1989500.0,970.0
Spain,1986,2063000.0,2556800.0,1239.4
Spain,1987,2057000.0,3879000.0,1885.8
Spain,1988,2035000.0,2223700.0,1092.7
Spain,1989,2054000.0,2945700.0,1434.1
Spain,1990,2064000.0,3369300.0,1632.4
Spain,1991,2074000.0,2983000.0,1438.3
Spain,1992,2051000.0,3177900.0,1549.4
Spain,1993,2092000.0,2809907.0,1343.2
Spain,1994,2094000.0,2799000.0,1336.7
Spain,1995,2119395.0,1694200.0,799.4
Spain,1996,2125630.0,4517200.0,2125.1
Spain,1997,2207556.0,5879640.0,2663.4
Spain,1998,2194000.0,4279180.0,1950.4
Spain,1999,2200000.0,3460100.0,1572.8
Spain,2000,2300000.0,4943800.0,2149.5
Spain,2001,2400000.0,6762600.0,2817.8
Spain,2002,2430582.0,4414911.0,1816.4
Spain,2003,2439582.0,7553566.0,3096.3
Spain,2004,2464774.0,5200029.0,2109.7
Spain,2005,2465258.0,4021720.0,1631.4
Spain,2006,2483697.0,5679021.0,2286.5
Spain,2007,2470162.0,6140251.0,2485.8
Spain,2008,2450471.0,5570727.0,2273.3
Spain,2009,2449828.0,6972094.0,2846.0
Spain,2010,2475466.0,7197600.0,2907.6
Spain,2011,2503675.0,7820060.0,3123.4
Spain,2012,2504261.0,3849300.0,1537.1
Spain,2013,2507000.0,9276100.0,3700.1
Spain,2014,2515800.0,4560400.0,1812.7
Spain,2015,2351370.0,5947700.0,2529.5
Spain,2016,2521694.0,7082550.0,2808.6
Spain,2017,2554829.0,6549499.0,2563.6
Spain,2018,2579000.0,9819570.0,3807.5
Spain,2019,2601900.0,5965080.0,2292.6
Spain,2020,2623720.0,8137810.0,3101.6
Spain,2021,2623290.0,8256550.0,3147.4
Spain,2022,2635280.0,3940070.0,1495.1
Spain,2023,2651110.0,5101010.0,1924.1
Spain,2024,2645680.0,8310250.0,3141.1
Syria,1961,80000.0,83000.0,1037.5
Syria,1962,80000.0,87285.0,1091.1
Syria,1963,80000.0,68000.0,850.0
Syria,1964,110000.0,122592.0,1114.5
Syria,1965,110000.0,65630.0,596.6
Syria,1966,117724.0,116272.0,987.7
Syria,1967,141718.0,113083.0,797.9
Syria,1968,142214.0,111808.0,786.2
Syria,1969,143285.0,128896.0,899.6
Syria,1970,124452.0,85402.0,686.2
Syria,1971,125014.0,117120.0,936.9
Syria,1972,149436.0,161326.0,1079.6
Syria,1973,175275.0,73183.0,417.5
Syria,1974,179834.0,215010.0,1195.6
Syria,1975,183126.0,156865.0,856.6
Syria,1976,219422.0,233403.0,1063.7
Syria,1977,228263.0,175537.0,769.0
Syria,1978,234427.0,304677.0,1299.7
Syria,1979,241254.0,195950.0,812.2
Syria,1980,249328.0,392015.0,1572.3
Syria,1981,257825.0,207892.0,806.3
Syria,1982,266104.0,471000.0,1770.0
Syria,1983,270600.0,152000.0,561.7
Syria,1984,280700.0,310000.0,1104.4
Syria,1985,295693.0,184999.0,625.6
Syria,1986,307900.0,414534.0,1346.3
Syria,1987,323233.0,220831.0,683.2
Syria,1988,342221.0,487179.0,1423.6
Syria,1989,359000.0,119796.0,333.7
Syria,1990,391200.0,460500.0,1177.1
Syria,1991,406000.0,226000.0,556.7
Syria,1992,415000.0,519315.0,1251.4
Syria,1993,388800.0,325164.0,836.3
Syria,1994,402362.0,517892.0,1287.1
Syria,1995,421600.0,423358.0,1004.2
Syria,1996,438064.0,647645.0,1478.4
Syria,1997,445180.0,402956.0,905.2
Syria,1998,459700.0,785000.0,1707.6
Syria,1999,469857.0,400509.0,852.4
Syria,2000,477993.0,866052.0,1811.9
Syria,2001,488957.0,496952.0,1016.4
Syria,2002,501500.0,940941.0,1876.3
Syria,2003,517000.0,552277.0,1068.2
Syria,2004,531400.0,1027200.0,1933.0
Syria,2005,544700.0,612223.0,1124.0
Syria,2006,565000.0,1190780.0,2107.6
Syria,2007,600498.0,495310.0,824.8
Syria,2008,617060.0,827033.0,1340.3
Syria,2009,635691.0,885942.0,1393.7
Syria,2010,647458.0,960403.0,1483.3
Syria,2011,684490.0,1095043.0,1599.8
Syria,2012,695711.0,1049761.0,1508.9
Syria,2013,697442.0,842098.0,1207.4
Syria,2014,697028.0,392214.36,562.7
Syria,2015,694931.0,913299.0,1314.2
Syria,2016,691769.0,668441.0,966.3
Syria,2017,692417.0,849919.0,1227.5
Syria,2018,693064.0,664643.0,959.0
Syria,2019,693227.0,844316.05,1218.0
Syria,2020,696363.0,781204.0,1121.8
Syria,2021,693106.0,566042.94,816.7
Syria,2022,676338.0,990948.0,1465.2
Syria,2023,674767.0,697325.0,1033.4
Syria,2024,681220.0,785468.0,1153.0
Tunisia,1961,540000.0,189000.0,350.0
Tunisia,1962,650000.0,225000.0,346.2
Tunisia,1963,1300000.0,448000.0,344.6
Tunisia,1964,1300000.0,450000.0,346.2
Tunisia,1965,650000.0,277400.0,426.8
Tunisia,1966,270000.0,97400.0,360.7
Tunisia,1967,680000.0,275100.0,404.6
Tunisia,1968,700000.0,279900.0,399.9
Tunisia,1969,320000.0,129950.0,406.1
Tunisia,1970,1059200.0,454600.0,429.2
Tunisia,1971,1119500.0,842000.0,752.1
Tunisia,1972,1247400.0,358000.0,287.0
Tunisia,1973,1282150.0,657200.0,512.6
Tunisia,1974,1285760.0,594200.0,462.1
Tunisia,1975,1294130.0,875200.0,676.3
Tunisia,1976,1318600.0,435200.0,330.0
Tunisia,1977,1324300.0,633000.0,478.0
Tunisia,1978,1327640.0,410000.0,308.8
Tunisia,1979,1330500.0,437000.0,328.4
Tunisia,1980,1323800.0,725000.0,547.7
Tunisia,1981,1350000.0,400000.0,296.3
Tunisia,1982,1286100.0,275000.0,213.8
Tunisia,1983,1300000.0,750000.0,576.9
Tunisia,1984,1310000.0,475000.0,362.6
Tunisia,1985,1315000.0,525000.0,399.2
Tunisia,1986,1325000.0,570000.0,430.2
Tunisia,1987,1325000.0,500000.0,377.4
Tunisia,1988,1355300.0,270000.0,199.2
Tunisia,1989,1350400.0,650000.0,481.3
Tunisia,1990,1392000.0,825000.0,592.7
Tunisia,1991,1395000.0,1325000.0,949.8
Tunisia,1992,1400000.0,675000.0,482.1
Tunisia,1993,1454850.0,1050000.0,721.7
Tunisia,1994,1363000.0,350000.0,256.8
Tunisia,1995,1460000.0,300000.0,205.5
Tunisia,1996,1624000.0,1550000.0,954.4
Tunisia,1997,1200000.0,500000.0,416.7
Tunisia,1998,1332000.0,950000.0,713.2
Tunisia,1999,1500000.0,1125000.0,750.0
Tunisia,2000,1387240.0,550000.0,396.5
Tunisia,2001,1377700.0,150000.0,108.9
Tunisia,2002,1377700.0,350000.0,254.0
Tunisia,2003,1652400.0,1400000.0,847.3
Tunisia,2004,1664300.0,650000.0,390.6
Tunisia,2005,1672900.0,1050000.0,627.7
Tunisia,2006,1683600.0,1218000.0,723.4
Tunisia,2007,1706700.0,998000.0,584.8
Tunisia,2008,1719800.0,1183000.0,687.9
Tunisia,2009,1738450.0,800000.0,460.2
Tunisia,2010,1763450.0,873000.0,495.1
Tunisia,2011,1763450.0,562000.0,318.7
Tunisia,2012,1810550.0,963000.0,531.9
Tunisia,2013,1822820.0,1100000.0,603.5
Tunisia,2014,1588620.0,376000.0,236.7
Tunisia,2015,1624980.0,1700000.0,1046.2
Tunisia,2016,1646060.0,700000.0,425.3
Tunisia,2017,944451.0,500000.0,529.4
Tunisia,2018,2424490.0,1617000.0,666.9
Tunisia,2019,1241931.0,700000.0,563.6
Tunisia,2020,3605286.0,2000000.0,554.7
Tunisia,2021,1252393.0,700000.0,558.9
Tunisia,2022,2126748.0,1200000.0,564.2
Tunisia,2023,1934669.0,1093461.52,565.2
Tunisia,2024,1865651.0,1056228.17,566.1
Turkiye,1961,391800.0,689324.0,1759.4
Turkiye,1962,399393.0,290190.0,726.6
Turkiye,1963,404760.0,618857.0,1528.9
Turkiye,1964,424347.0,694486.0,1636.6
Turkiye,1965,428347.0,394146.0,920.2
Turkiye,1966,444000.0,840600.0,1893.2
Turkiye,1967,449667.0,495000.0,1100.8
Turkiye,1968,444707.0,822000.0,1848.4
Turkiye,1969,447447.0,307800.0,687.9
Turkiye,1970,453673.0,681000.0,1501.1
Turkiye,1971,457900.0,326000.0,711.9
Turkiye,1972,460000.0,1019000.0,2215.2
Turkiye,1973,468200.0,332500.0,710.2
Turkiye,1974,474367.0,840000.0,1770.8
Turkiye,1975,484800.0,561000.0,1157.2
Turkiye,1976,489780.0,1097000.0,2239.8
Turkiye,1977,493333.0,400000.0,810.8
Turkiye,1978,490000.0,1100000.0,2244.9
Turkiye,1979,490000.0,430000.0,877.6
Turkiye,1980,491667.0,1350000.0,2745.8
Turkiye,1981,506667.0,400000.0,789.5
Turkiye,1982,497333.0,1320000.0,2654.2
Turkiye,1983,499900.0,400000.0,800.2
Turkiye,1984,500000.0,800000.0,1600.0
Turkiye,1985,505667.0,600000.0,1186.6
Turkiye,1986,513333.0,1010000.0,1967.5
Turkiye,1987,526667.0,600000.0,1139.2
Turkiye,1988,528793.0,1100000.0,2080.2
Turkiye,1989,529733.0,500000.0,943.9
Turkiye,1990,537333.0,1100000.0,2047.1
Turkiye,1991,543467.0,640000.0,1177.6
Turkiye,1992,541733.0,750000.0,1384.4
Turkiye,1993,565039.0,550000.0,973.4
Turkiye,1994,572410.0,1400000.0,2445.8
Turkiye,1995,556209.0,515000.0,925.9
Turkiye,1996,568405.0,1800000.0,3166.8
Turkiye,1997,657647.0,510000.0,775.5
Turkiye,1998,600000.0,1650000.0,2750.0
Turkiye,1999,595000.0,600000.0,1008.4
Turkiye,2000,600000.0,1800000.0,3000.0
Turkiye,2001,600000.0,600000.0,1000.0
Turkiye,2002,620000.0,1800000.0,2903.2
Turkiye,2003,625000.0,850000.0,1360.0
Turkiye,2004,644000.0,1600000.0,2484.5
Turkiye,2005,662000.0,1200000.0,1812.7
Turkiye,2006,711843.0,1766749.0,2481.9
Turkiye,2007,753001.0,1075854.0,1428.8
Turkiye,2008,774371.0,1464248.0,1890.9
Turkiye,2009,778412.0,1290654.0,1658.1
Turkiye,2010,784031.0,1415000.0,1804.8
Turkiye,2011,798493.0,1750000.0,2191.6
Turkiye,2012,813765.0,1820000.0,2236.5
Turkiye,2013,825826.0,1676000.0,2029.5
Turkiye,2014,826092.0,1768000.0,2140.2
Turkiye,2015,836935.0,1700000.0,2031.2
Turkiye,2016,845542.0,1730000.0,2046.0
Turkiye,2017,846062.0,2100000.0,2482.1
Turkiye,2018,864428.0,1500467.0,1735.8
Turkiye,2019,879177.0,1525000.0,1734.6
Turkiye,2020,887077.0,1316626.0,1484.2
Turkiye,2021,889168.0,1738680.0,1955.4
Turkiye,2022,901126.0,2976000.0,3302.5
Turkiye,2023,903061.0,1520000.0,1683.2
Turkiye,2024,913319.0,3750000.0,4105.9
