Country,Year,Mean_Temperature_C,Mean_Dewpoint_C,Mean_Wind_Speed_m_s,Total_Precipitation_mm,Total_Solar_Radiation_MJ_m2,Mean_Soil_Moisture_0_7cm,Mean_Soil_Moisture_7_28cm,Mean_Soil_Moisture_28_100cm,Mean_Soil_Temperature_7_28cm_C,Mean_Soil_Temperature_28_100cm_C
Algeria,1985,16.39541,8.906636,2.4792135,542.1424984633923,5237.748049259186,0.22852153,0.2477746,0.23678231,16.382143,16.332598
Algeria,1986,16.141417,8.764529,2.5516608,568.2762475311756,5197.275743961334,0.23165075,0.24689579,0.23083173,16.232656,16.280464
Algeria,1987,16.968359,9.029343,2.5528734,452.00226014852524,5238.071110725403,0.21672757,0.23741364,0.2351185,16.946756,16.861189
Algeria,1988,16.70114,8.888471,2.4890926,466.61042116582394,5278.981691360474,0.20799764,0.2252058,0.2041253,16.860826,16.95182
Algeria,1989,16.784948,9.079582,2.4147115,390.857869386673,5358.6419796943665,0.20308709,0.22554517,0.21232843,16.75135,16.664587
Algeria,1990,16.812561,9.491246,2.41769,514.7540168464184,5207.728713512421,0.21350485,0.22842038,0.20725858,17.050224,17.14929
Algeria,1991,15.5184965,8.290855,2.4860532,492.6336934417486,5183.490514278412,0.23135127,0.24908312,0.23752867,15.608414,15.675609
Algeria,1992,15.612248,8.456253,2.453122,551.4107433855534,5216.152552604675,0.22302566,0.24311452,0.23234646,15.475006,15.444148
Algeria,1993,16.193068,8.340622,2.46823,367.776782117784,5351.31307554245,0.20496678,0.22654034,0.21855827,16.201164,16.196405
Algeria,1994,17.301447,8.729767,2.5167484,377.40144984424114,5463.706305980682,0.20224303,0.22361962,0.20822024,17.255404,17.208036
Algeria,1995,16.665611,8.775859,2.576862,439.2599007487297,5369.8591895103455,0.20270693,0.22036858,0.20821846,16.683653,16.644127
Algeria,1996,16.039068,8.706937,2.734524,587.1907383799553,5177.548709869385,0.22169018,0.23540296,0.21885471,15.994171,16.101118
Algeria,1997,17.093771,9.205009,2.5461862,469.48850716650486,5299.139148712158,0.20562716,0.21533568,0.17736715,17.038528,17.016108
Algeria,1998,16.560343,8.555359,2.539913,469.19698360562325,5321.78365945816,0.20764242,0.2258991,0.20078133,16.558273,16.622778
Algeria,1999,17.356085,8.907435,2.6287963,482.16420635581017,5331.308612346649,0.20603956,0.22292513,0.20017195,17.324097,17.27125
Algeria,2000,17.070543,8.165996,2.53491,311.5947946831584,5548.19998216629,0.18954515,0.21149121,0.2023669,16.95844,16.968164
Algeria,2001,17.351156,8.849744,2.5263467,400.7952900379896,5427.257451534271,0.19915617,0.21727799,0.19952075,17.315872,17.33507
Algeria,2002,17.139296,8.822309,2.611674,422.7042521238327,5404.462550163269,0.1962124,0.20869672,0.17757235,16.97354,16.920982
Algeria,2003,17.291044,9.750931,2.5988548,679.2905879616737,5150.412796497345,0.23471521,0.24716677,0.22274671,17.153269,17.197523
Algeria,2004,16.630468,9.407756,2.5400317,596.0526428818703,5214.94651889801,0.22667761,0.2402162,0.22095478,16.403954,16.449976
Algeria,2005,16.432083,8.758182,2.4632976,443.5180904716253,5339.919271945953,0.20962049,0.22100854,0.20866978,16.30458,16.336151
Algeria,2006,17.388025,9.22993,2.507973,464.7453336119652,5290.457272052765,0.20339209,0.21720047,0.20188151,17.204086,17.160734
Algeria,2007,16.725702,9.396693,2.50871,564.5524580478668,5233.505676269531,0.22075553,0.23484343,0.21022712,16.569847,16.672697
Algeria,2008,16.83857,9.342842,2.552212,488.2476492226124,5298.964416027069,0.21583986,0.222863,0.18490939,16.541582,16.537277
Algeria,2009,17.01084,9.342056,2.6784954,560.7881961464882,5328.974720478058,0.22409898,0.24015494,0.21911144,16.589674,16.515465
Algeria,2010,17.008894,9.437602,2.7408879,538.8376961499453,5188.486541748047,0.21808517,0.23019992,0.20842741,16.76312,16.874582
Algeria,2011,17.021849,9.868256,2.4856749,581.7850676476955,5224.750312805176,0.22215165,0.23645158,0.206958,16.729456,16.749527
Algeria,2012,17.28466,9.076617,2.5280714,485.9525152146816,5339.4193115234375,0.21129037,0.22420187,0.2026148,17.05629,17.023634
Algeria,2013,16.61804,9.499967,2.7582283,594.3409805893898,5215.78363609314,0.22301786,0.23444559,0.20172215,16.459528,16.515753
Algeria,2014,17.549204,9.350975,2.71325,524.2458082810044,5367.841632843018,0.21189594,0.22552133,0.19345741,17.25117,17.220167
Algeria,2015,17.197245,9.335754,2.508382,442.1073882766068,5400.744478702545,0.20887671,0.22110377,0.19686699,17.05967,17.104986
Algeria,2016,17.530983,9.391093,2.5703876,453.41530507802963,5374.960197925568,0.20024197,0.20948833,0.1781124,17.440859,17.417368
Algeria,2017,17.534063,8.682216,2.5495002,402.0676399022341,5438.707496166229,0.19056801,0.20417702,0.17023768,17.603622,17.677748
Algeria,2018,16.770037,9.655217,2.595495,640.1753355264664,5197.374610424042,0.23473759,0.24432565,0.19558705,16.644007,16.670996
Algeria,2019,17.141577,9.040581,2.7176898,543.5285462737083,5335.650992393494,0.21701051,0.23138149,0.1966352,17.10584,17.038694
Algeria,2020,17.701418,8.929883,2.5142367,413.5911098122597,5409.5340275764465,0.18978374,0.205011,0.16958606,17.78041,17.784071
Algeria,2021,18.184435,8.682571,2.6694415,383.1088595986366,5389.233959197998,0.188201,0.2032568,0.15782896,18.220947,18.204248
Algeria,2022,18.446304,8.594007,2.5662715,368.6527618765831,5426.722669124603,0.18325587,0.2024563,0.15649322,18.351547,18.255728
Algeria,2023,18.24325,8.535774,2.5342147,401.03878202289343,5444.77801656723,0.17489326,0.19525993,0.14486642,18.382261,18.45088
Algeria,2024,18.634737,9.401863,2.5914679,337.7960154861212,5452.292544841766,0.18312287,0.19983345,0.15590353,18.715975,18.747614
Egypt,1985,20.220177,11.380816,3.9592493,89.81062798528001,5008.419188499451,0.05658567,0.14860347,0.14383304,21.831564,21.845901
Egypt,1986,20.10993,11.834409,3.781955,50.99142483295873,4980.713921070099,0.052965727,0.15280661,0.126354,21.826845,21.82363
Egypt,1987,19.731588,11.080475,3.8971097,39.30473232548684,5028.129301548004,0.04682107,0.14438134,0.13045312,21.44,21.399324
Egypt,1988,20.228983,11.233279,3.8944218,79.28511663572863,5019.236643791199,0.054860234,0.1471913,0.1370276,21.874496,21.919998
Egypt,1989,20.043081,11.164311,3.7243626,36.933372621191666,5059.150509357452,0.048711058,0.14887886,0.14366871,21.750391,21.702705
Egypt,1990,20.185844,11.56794,3.8005707,37.87000895710662,5069.911871910095,0.045077097,0.14830434,0.1511082,21.990622,21.967216
Egypt,1991,19.961218,11.603953,3.9326007,78.17724195402116,4938.35747051239,0.052034393,0.14915036,0.15793027,21.813261,21.922152
Egypt,1992,19.427347,11.008595,3.9439497,60.42248370219022,4934.385066509247,0.053439643,0.14935131,0.16048993,21.03639,21.04276
Egypt,1993,20.141806,11.418266,3.7191389,42.545957231428474,5036.0835518836975,0.049050014,0.14826332,0.15805383,21.702034,21.597061
Egypt,1994,20.45151,11.857414,3.9194422,68.60166106140241,5002.555582046509,0.05166537,0.14584626,0.15529825,22.284386,22.355154
Egypt,1995,20.175966,11.57706,3.7850037,29.257206074427813,5058.226091861725,0.044907924,0.14451474,0.15492305,22.010698,22.020172
Egypt,1996,20.383759,11.566577,3.987899,45.96822930825874,5037.267162322998,0.04546891,0.1428555,0.15320112,22.043251,22.013153
Egypt,1997,20.112047,11.211154,3.8195617,49.936403861036524,5035.727427959442,0.046698302,0.14490473,0.15669723,21.864153,21.888641
Egypt,1998,20.860832,11.836917,3.9228747,42.91414710809477,5039.669374465942,0.04534234,0.14829345,0.15636377,22.58106,22.546457
Egypt,1999,20.881868,12.198952,3.7437048,26.012979635037482,5109.115176200867,0.045302477,0.15205878,0.15850545,22.725243,22.723417
Egypt,2000,20.208597,11.996948,3.8412788,51.093907439149916,5058.178366661072,0.04972263,0.14764202,0.11769583,21.98734,22.07934
Egypt,2001,20.82901,11.918915,3.8520024,27.65092449844815,5084.891551494598,0.04395144,0.14764175,0.13031611,22.600946,22.607985
Egypt,2002,20.906805,12.309339,3.8670523,40.31238177907653,5038.796558380127,0.048182234,0.14513274,0.13935474,22.510742,22.49531
Egypt,2003,20.702637,11.70959,4.047192,31.571039584232494,5067.974201202393,0.044890314,0.1419978,0.1453512,22.377127,22.423273
Egypt,2004,20.635359,11.619397,3.9701822,33.537539053475484,5062.294351100922,0.04558355,0.1437845,0.15002237,22.31703,22.324722
Egypt,2005,20.532211,11.558248,3.8612869,30.485437598545104,5070.775724887848,0.045199458,0.14240748,0.15142839,22.263374,22.294672
Egypt,2006,20.555655,11.725009,3.7713375,36.983362884260714,5061.481893539429,0.04541861,0.14226726,0.15388893,22.25841,22.270813
Egypt,2007,20.833208,12.013593,3.9157372,36.01274499041028,5051.78155040741,0.044953305,0.14139445,0.15662253,22.377823,22.358124
Egypt,2008,21.226004,12.016739,3.7855566,39.89654277195223,5087.736688613892,0.045901354,0.14039333,0.15914376,22.797506,22.777292
Egypt,2009,21.132288,11.568805,3.9664204,27.505915501271375,5112.094205856323,0.04152306,0.13827501,0.15900867,22.7491,22.748049
Egypt,2010,22.006647,12.468686,3.922863,21.759400223381817,5117.744258880615,0.04176867,0.11049953,0.099722005,23.707605,23.735558
Egypt,2011,20.514845,11.814876,3.7436068,55.86505318968557,4998.0108852386475,0.046993922,0.119740926,0.10551857,22.331766,22.511972
Egypt,2012,21.021828,11.756579,3.9226217,35.81889827316627,5050.013304233551,0.04156173,0.1200599,0.11241341,22.835243,22.724699
Egypt,2013,20.996483,11.286339,4.047728,33.21547622047365,5127.086925029755,0.04136221,0.12231493,0.12030337,22.782745,22.857468
Egypt,2014,21.21727,12.033849,3.6767366,35.04754954832606,5048.32030248642,0.040311825,0.12569176,0.123452,23.131882,23.086847
Egypt,2015,21.037455,11.8536,3.8811858,64.58458621660247,4998.533835411072,0.042110994,0.06168979,0.06241819,23.017601,23.187662
Egypt,2016,21.676363,11.866028,3.938221,30.28430336434394,5082.588513374329,0.03807438,0.074931756,0.07308658,23.52846,23.547354
Egypt,2017,20.92906,11.745059,3.7647364,29.141316276974976,5071.3156151771545,0.03574792,0.08347834,0.081258334,22.8672,22.91407
Egypt,2018,21.952639,12.548892,3.8585575,49.50306964898482,5021.34690618515,0.039596666,0.08839699,0.09020746,23.864784,23.819618
Egypt,2019,21.106737,11.698787,4.0127606,56.00334210076835,5080.027002334595,0.04229607,0.09341201,0.09137731,23.039507,23.071236
Egypt,2020,21.032585,12.341205,3.907335,88.85371180158108,5038.691376686096,0.047021713,0.12815191,0.09792697,23.106207,23.257696
Egypt,2021,21.539177,12.233185,3.8783357,45.42089379997924,5111.879199981689,0.041540608,0.13121402,0.10660682,23.469984,23.491432
Egypt,2022,20.913702,11.980652,3.9001234,40.944925123709254,5053.3407163619995,0.04311101,0.13037391,0.111899495,22.769495,22.74307
Egypt,2023,21.708342,12.795247,3.7723415,44.51961672108155,5013.760324001312,0.042884395,0.13188772,0.11582205,23.54509,23.499321
Egypt,2024,21.973555,12.555736,3.6454585,29.023061297717504,5106.456881523132,0.03932762,0.12770899,0.12258189,24.081976,24.121237
Greece,1985,14.765943,8.627235,2.7376034,690.5959981679916,5266.354836463928,0.2139858,0.22417311,0.23291652,15.097829,15.092438
Greece,1986,14.655215,8.782394,2.7265918,708.5985306203365,5178.252302646637,0.21404456,0.22148944,0.22557046,15.082698,15.1764555
Greece,1987,14.377693,8.634605,2.7436483,785.0497106909752,5138.425532817841,0.22811605,0.23567504,0.2376529,14.700084,14.639005
Greece,1988,14.72393,8.486771,2.6906614,685.2479849308729,5307.6416120529175,0.211663,0.21962841,0.23074,15.164627,15.225014
Greece,1989,14.412585,8.244695,2.6876652,508.40911692380905,5415.897928714752,0.20425446,0.21166956,0.21244033,14.614861,14.584613
Greece,1990,14.9689665,8.547577,2.6712244,555.6171214580536,5440.638657569885,0.19717102,0.20357257,0.20487101,15.250224,15.173123
Greece,1991,13.871468,8.583916,2.679146,710.935848236084,5103.798779964447,0.23484045,0.24323475,0.2463545,14.351051,14.459312
Greece,1992,14.125661,8.055255,2.7260568,527.57156958431,5289.257196426392,0.21034677,0.21875276,0.22532292,14.198547,14.159955
Greece,1993,14.462375,8.226944,2.733237,596.5034206956625,5409.546573162079,0.2077089,0.21950912,0.2282321,14.668698,14.611217
Greece,1994,15.488655,9.41315,2.6969478,734.347118884325,5390.7583928108215,0.21790983,0.22767758,0.23561089,15.71905,15.741567
Greece,1995,14.589131,8.885442,2.71304,748.1652937531471,5282.053469657898,0.22351377,0.22936417,0.23169716,14.888888,14.888928
Greece,1996,14.331345,8.904625,2.67889,802.6485872864723,5115.555417537689,0.23165001,0.23851496,0.2443849,14.659825,14.649388
Greece,1997,14.239026,8.375148,2.7406728,690.2864156067371,5318.151563167572,0.22168137,0.23067878,0.23744214,14.481273,14.504384
Greece,1998,14.981359,9.111796,2.7285452,773.8092018663883,5335.836434364319,0.21955402,0.22887973,0.2362511,15.251567,15.261452
Greece,1999,15.432137,9.794235,2.613331,753.8004305958748,5327.621057987213,0.22139913,0.22986668,0.23780169,15.705704,15.639743
Greece,2000,14.948529,8.608986,2.6399763,498.3912613838911,5501.814990520477,0.20665719,0.2162034,0.22598238,15.243428,15.266998
Greece,2001,15.284108,8.916644,2.8384054,696.8125272095203,5393.389655590057,0.20462996,0.21045627,0.21345264,15.723371,15.792073
Greece,2002,14.998845,9.512039,2.5224493,832.160894036293,5227.549166202545,0.23416893,0.23931478,0.233474,15.2426605,15.204361
Greece,2003,14.828171,8.91956,2.7477932,836.4842452406883,5265.944276809692,0.22761822,0.23595177,0.24186175,15.062355,15.064697
Greece,2004,14.862271,9.024312,2.7249794,684.4730920493603,5311.894242763519,0.21868621,0.22556938,0.23559082,15.081225,15.064908
Greece,2005,14.647687,8.718511,2.712403,805.2301558852196,5317.543799877167,0.21865635,0.22461808,0.22370438,14.965869,15.006061
Greece,2006,14.601341,8.785652,2.6966734,739.880473524332,5303.652741909027,0.2264617,0.23442274,0.23556256,14.827057,14.840915
Greece,2007,15.552414,9.015164,2.671415,656.291834153235,5446.828577041626,0.2101237,0.21675694,0.21173984,15.614718,15.585808
Greece,2008,15.541936,9.178886,2.732053,543.6325985491276,5459.6501841545105,0.20364709,0.20942257,0.21110511,15.697139,15.636612
Greece,2009,15.419952,9.594371,2.6567624,908.493090569973,5288.897062301636,0.23184824,0.2365234,0.23117298,15.520253,15.477061
Greece,2010,15.918391,10.034813,2.6952116,871.9809874296188,5250.513450622559,0.22628498,0.23199446,0.23235677,16.124315,16.123663
Greece,2011,14.647545,8.511264,2.7470067,675.6221101731062,5352.440320014954,0.21608014,0.22388892,0.22276635,14.862079,14.972562
Greece,2012,15.61987,8.865108,2.7778466,798.3477167859674,5454.4632778167725,0.21029104,0.21473008,0.2053634,15.996262,15.885147
Greece,2013,15.781718,9.000707,2.7428734,724.387642711401,5430.779933452606,0.2065771,0.20965868,0.20964663,16.071142,16.131403
Greece,2014,15.707759,10.074801,2.5466926,863.4212353229523,5225.1006870269775,0.2280975,0.22947139,0.21257204,16.023026,15.986789
Greece,2015,15.3381195,9.011765,2.7275677,819.89009770751,5311.83279800415,0.22471307,0.22906655,0.22161286,15.580638,15.603765
Greece,2016,15.727338,9.123955,2.7640407,707.6158274114132,5382.814373970032,0.20773917,0.20934068,0.19587821,16.129591,16.160376
Greece,2017,15.370189,8.51548,2.7014446,752.0485134720802,5475.224190235138,0.2031473,0.20384906,0.18476574,15.716617,15.658877
Greece,2018,15.99335,9.999461,2.717882,876.0816986560822,5261.493768215179,0.22066766,0.2234,0.20660003,16.287773,16.320837
Greece,2019,15.900037,9.581894,2.7496922,828.4002752900124,5370.813572883606,0.21344125,0.21477441,0.20325029,16.282473,16.195833
Greece,2020,15.777809,9.209775,2.7960932,680.6300231814384,5426.887362957001,0.20568132,0.20666356,0.19303592,16.05641,16.060463
Greece,2021,15.727069,8.963008,2.8275795,848.3852385282516,5401.744678497314,0.21231635,0.21564913,0.20532803,16.295837,16.322166
Greece,2022,15.601651,8.893369,2.7739115,708.6595395803452,5467.427191257477,0.21257883,0.21661554,0.20068102,15.895062,15.834663
Greece,2023,16.110659,10.053973,2.694741,809.1744364798069,5299.70171546936,0.21985024,0.22227992,0.2020874,16.426157,16.406288
Greece,2024,16.833311,10.175403,2.7343638,667.8517539799213,5494.886894226074,0.20311011,0.21025844,0.20589052,17.19287,17.241575
Italy,1985,14.193936,9.432614,2.4937806,836.9977712333202,4941.942279338837,0.24679208,0.25869808,0.27604434,14.527028,14.502704
Italy,1986,14.163506,9.610057,2.4599674,885.2661457657814,4852.207826137543,0.25264844,0.25946027,0.26447615,14.522901,14.593265
Italy,1987,14.268372,9.200063,2.5631514,801.0960178375244,4934.468925476074,0.24694665,0.25387117,0.25895533,14.515391,14.432666
Italy,1988,14.4438095,9.26064,2.542391,752.7321251183748,5026.591499328613,0.24690974,0.25652006,0.2590887,14.879924,14.966573
Italy,1989,13.997777,9.222835,2.3684282,678.62583309412,5003.958306312561,0.24421364,0.25000033,0.25191537,14.238286,14.215238
Italy,1990,14.55363,9.60642,2.4620187,750.384585082531,5031.900405883789,0.23804908,0.24478585,0.25201628,14.941831,14.915233
Italy,1991,13.6247225,8.829015,2.5578449,824.895669400692,4955.68851184845,0.25909194,0.26782385,0.2770755,14.014089,14.095157
Italy,1992,14.306282,9.398175,2.4866168,747.0915946960449,4927.220689296722,0.24301367,0.25228843,0.25952682,14.4729185,14.386752
Italy,1993,14.285352,8.936406,2.5004923,753.5570342540741,5108.9662075042725,0.24144697,0.25124776,0.25812992,14.64165,14.638062
Italy,1994,15.119736,10.010826,2.4799836,665.9477777630091,5137.918801784515,0.23872073,0.24919458,0.25904962,15.306951,15.318161
Italy,1995,14.113632,9.134415,2.6128175,845.2401720285416,5004.417111873627,0.2514006,0.25688097,0.25350827,14.36322,14.370669
Italy,1996,14.038033,9.25311,2.6273406,1075.799902021885,4858.552487850189,0.26702455,0.2734734,0.27519485,14.194575,14.250333
Italy,1997,14.593422,9.323074,2.5624382,789.4183748364449,5115.9311265945435,0.24419813,0.2528773,0.2581942,14.755122,14.721286
Italy,1998,14.65184,9.291303,2.5765467,821.9464904665947,5118.112955093384,0.2490387,0.2566359,0.2633961,14.823728,14.887609
Italy,1999,14.8454485,9.749123,2.5627415,825.8751845955849,5080.766690254211,0.24782407,0.25493336,0.2576406,15.023763,14.957669
Italy,2000,15.118874,9.707268,2.5202281,745.8429891467094,5193.212186336517,0.23879515,0.24775709,0.25115278,15.32915,15.307956
Italy,2001,14.972435,9.566048,2.6533778,658.4836644530296,5152.989974498749,0.23094225,0.2393312,0.24592088,15.461284,15.554199
Italy,2002,14.843425,10.177852,2.497339,899.1760538816452,4913.348349094391,0.2587275,0.26138753,0.24734707,15.055135,14.989812
Italy,2003,15.045827,9.546796,2.5508041,908.7994071543217,5085.278272151947,0.24655254,0.25358206,0.255976,15.4216385,15.447197
Italy,2004,14.580401,9.626086,2.5653956,1019.6890588998795,4946.951431274414,0.2588903,0.2669409,0.270151,14.924164,14.909055
Italy,2005,13.938126,8.701045,2.5250635,1004.0503622889519,4971.246330738068,0.25898722,0.26398894,0.26284525,14.488643,14.555415
Italy,2006,14.477597,9.039111,2.4694526,781.1246744394302,5067.1723346710205,0.24722774,0.253006,0.2532681,14.773747,14.738747
Italy,2007,14.938708,9.2326355,2.5451534,799.6504095494747,5074.236038208008,0.24311103,0.24743801,0.23520939,15.295491,15.335136
Italy,2008,15.03848,9.358983,2.54434,917.0607208907604,5083.759431362152,0.24071318,0.24528171,0.23911898,15.323273,15.269524
Italy,2009,14.901326,9.686028,2.5899963,1085.3282443284988,4992.713319301605,0.26169083,0.26843378,0.26741704,15.132797,15.123604
Italy,2010,14.573532,9.659729,2.6555374,1179.2110459208488,4864.571420669556,0.2684267,0.2753277,0.27451214,14.888982,14.96345
Italy,2011,14.842891,9.440849,2.472283,773.1459104865789,5058.840257167816,0.24885072,0.2550478,0.25574616,15.013881,15.010869
Italy,2012,15.259763,9.164533,2.6266706,885.6946337074041,5192.04297876358,0.23767251,0.24510051,0.23785292,15.645976,15.592366
Italy,2013,14.926602,9.698489,2.5613232,1019.296654343605,5032.20666885376,0.25168854,0.256242,0.25370196,15.277443,15.302463
Italy,2014,15.216723,10.33268,2.5005932,965.1783215403557,4958.505120754242,0.25998598,0.26370752,0.25729853,15.421178,15.411876
Italy,2015,15.267718,9.787282,2.4742749,925.1601376980543,5043.637672901154,0.24783163,0.25290474,0.2488274,15.547313,15.569305
Italy,2016,15.215617,9.945615,2.5858343,949.0264173746109,4997.270417690277,0.25645715,0.25901043,0.2491381,15.50137,15.518718
Italy,2017,15.051338,8.762561,2.6070595,737.188582777977,5275.487733364105,0.2268558,0.23174028,0.22533162,15.619003,15.598648
Italy,2018,15.448331,10.664622,2.542676,1128.4906542301178,4871.983395576477,0.2648309,0.26645806,0.2539595,15.787094,15.752017
Italy,2019,15.249759,9.929504,2.6423204,982.4518563747406,5081.9193687438965,0.25148043,0.2570018,0.25285026,15.645373,15.603867
Italy,2020,15.230339,9.763499,2.4846709,834.1271191239357,5157.697741985321,0.23852658,0.24428229,0.23962428,15.668175,15.673999
Italy,2021,15.301651,9.591565,2.6035533,930.4058529138565,5088.005898952484,0.24289691,0.249171,0.24942704,15.81268,15.790024
Italy,2022,15.869077,9.966968,2.4976852,760.0528705716133,5242.473547458649,0.23612386,0.2417732,0.24045612,16.123304,16.056543
Italy,2023,15.835568,10.516767,2.5614994,927.1976240873337,5052.329624652863,0.24918188,0.2550721,0.2538354,16.10579,16.11782
Italy,2024,16.416008,10.805135,2.4660962,809.8432357907295,5129.859131336212,0.23816557,0.24155003,0.22537284,16.861551,16.896545
Libya,1985,20.085085,10.615967,4.0826797,118.781867695041,4909.308643817902,0.06888149,0.16213764,0.1753792,21.465548,21.401466
Libya,1986,19.557999,10.815564,4.112187,178.1707723280415,4880.202613353729,0.08360118,0.17236857,0.17337187,20.99964,21.081278
Libya,1987,20.17312,10.063243,4.169534,108.80654376279563,4886.481743335724,0.06829108,0.16792329,0.18324246,21.341833,21.19021
Libya,1988,20.376274,11.035538,4.238318,204.25588959967718,4872.455906867981,0.08238342,0.17377824,0.18381815,21.697975,21.781782
Libya,1989,20.08473,11.262016,3.8518174,108.38611107505858,4924.717022895813,0.075413615,0.17192684,0.19366688,21.310303,21.20178
Libya,1990,20.566978,11.689865,4.0161414,145.9102122168988,4796.200620651245,0.07413905,0.16919702,0.18943572,22.005798,22.046953
Libya,1991,19.456854,10.919932,4.119178,192.19700303673744,4801.683861255646,0.07685726,0.16538945,0.18951946,20.788399,20.846252
Libya,1992,19.614372,10.475909,3.971178,121.8714644163847,4866.253967761993,0.07136535,0.16254711,0.18860556,20.819056,20.797531
Libya,1993,20.283869,10.941098,4.002786,105.6809155694209,4938.925541877747,0.069268726,0.16086113,0.18687813,21.537676,21.50535
Libya,1994,20.526693,11.273265,4.0994277,174.55576044740155,4907.819848060608,0.07212237,0.16829622,0.17428422,21.74273,21.772657
Libya,1995,20.202324,11.0984955,4.1487293,198.180870085489,4888.482985496521,0.08014726,0.17377372,0.17911889,21.280602,21.282257
Libya,1996,20.4946,10.729657,4.279035,140.6570115601644,4874.233961582184,0.06837233,0.16378035,0.18578057,21.534975,21.530882
Libya,1997,20.430458,11.172704,3.991268,161.26108958385885,4875.631168842316,0.07061555,0.16298784,0.18163842,21.550127,21.59115
Libya,1998,20.298162,11.4353075,4.037214,158.33410731703043,4856.929992675781,0.07419624,0.16623382,0.18132089,21.494001,21.536385
Libya,1999,21.437017,11.247373,4.0366435,162.05336813765462,4947.580358028412,0.07727347,0.17281455,0.18900834,22.602484,22.52577
Libya,2000,20.53261,10.829819,3.880476,100.88012158242054,4994.249459266663,0.063061275,0.16204034,0.14844842,21.812325,21.825071
Libya,2001,21.16458,11.08905,4.1086783,116.39941787486896,4985.823655128479,0.06269692,0.15982784,0.15628852,22.492548,22.515623
Libya,2002,20.871782,10.888417,4.102157,161.35156836919487,4916.603950500488,0.067628294,0.16311286,0.16793875,22.05467,22.056112
Libya,2003,20.927734,11.1362915,4.1489825,162.49122925894335,4899.464606285095,0.06802692,0.16556157,0.17251086,22.298399,22.291855
Libya,2004,20.625685,10.548167,4.0725527,137.3855732753873,4947.433401584625,0.061661195,0.16347186,0.17598228,22.03567,22.058928
Libya,2005,20.569092,10.4902315,4.104507,150.3657440021634,4886.183336257935,0.06824593,0.15989761,0.17671329,21.976236,22.000982
Libya,2006,20.726555,10.98099,3.912276,192.77115555293858,4915.428753852844,0.08096435,0.17722762,0.19594926,21.974253,21.953829
Libya,2007,21.00263,10.593826,4.146199,138.54749760311097,4925.415079116821,0.05887356,0.15813993,0.17975695,22.313383,22.347853
Libya,2008,20.950716,10.896991,4.0285506,187.15421533072367,4953.295266628265,0.08267877,0.17482257,0.18930155,22.14695,22.166649
Libya,2009,20.856224,10.2090025,4.247002,109.82365904073231,4944.174624443054,0.05534311,0.15804656,0.17517193,22.053171,21.982164
Libya,2010,21.77533,10.166084,4.1508427,86.06109698180808,4949.674171924591,0.04795618,0.1454313,0.1329413,23.363619,23.441635
Libya,2011,20.256042,10.381076,4.046703,148.25154729210772,4887.431676387787,0.057512846,0.14558527,0.122843385,21.988615,22.075293
Libya,2012,20.922241,10.025891,4.0826592,101.94835798908025,4988.780478000641,0.052113205,0.14986971,0.13137479,22.625244,22.520025
Libya,2013,21.244116,9.588239,4.2928166,92.85462029254995,4985.792091846466,0.052454215,0.1470978,0.14283423,23.038137,23.106354
Libya,2014,21.387217,10.084895,4.1449437,126.48058730829507,5011.441964626312,0.05735792,0.15128887,0.14684848,22.998537,22.952087
Libya,2015,20.574312,10.839778,4.135692,129.24846183578484,4915.497615814209,0.060232863,0.13804503,0.08868548,22.454157,22.830254
Libya,2016,21.658974,10.586804,4.128161,69.4783646510914,4984.0480217933655,0.046988863,0.15021537,0.11298052,23.479546,23.413559
Libya,2017,20.203545,10.641594,4.0905275,231.0530413434608,4923.071612358093,0.07467686,0.16825406,0.14081629,21.738089,21.910719
Libya,2018,21.216417,11.709661,4.086871,140.10757425567135,4936.790037155151,0.068550706,0.16631515,0.17710787,22.616709,22.544533
Libya,2019,20.715761,11.079704,4.215077,189.96545733185485,4921.888624668121,0.07458665,0.17159916,0.17927574,22.086405,22.074526
Libya,2020,21.161303,11.658694,3.989597,128.2593611930497,4942.409343719482,0.06784512,0.16647065,0.18304028,22.661428,22.692743
Libya,2021,21.908564,11.514775,4.126879,55.3194918143563,5000.681089878082,0.055693746,0.16637813,0.19155736,23.148893,23.106066
Libya,2022,21.534311,12.012668,3.9423885,84.50230591185391,5008.187174320221,0.06440232,0.16976388,0.19718279,22.726189,22.678358
Libya,2023,21.220932,11.21326,3.9143524,111.1376677036751,5002.236877441406,0.06287418,0.16544104,0.19730324,22.614243,22.68721
Libya,2024,22.179674,11.534058,4.0755687,109.5463180411607,4956.575065612793,0.052239317,0.15942702,0.1882541,23.753477,23.72988
Morocco,1985,16.675879,8.764877,2.5172994,471.00717666745186,5536.677216529846,0.20015407,0.2375257,0.22201908,17.00409,16.959185
Morocco,1986,16.139656,9.084096,2.5226214,470.45212033391,5480.550108909607,0.21053922,0.24946827,0.24397911,16.554064,16.635439
Morocco,1987,17.08921,9.806641,2.5666192,496.684357047081,5452.026398658752,0.2051969,0.24744456,0.2454201,17.411835,17.344618
Morocco,1988,16.69472,9.103923,2.4235399,397.16067180782557,5579.823601722717,0.2024929,0.24449362,0.24801053,17.00689,17.072775
Morocco,1989,16.989183,9.773669,2.5607438,575.3932539820671,5451.734964847565,0.20926405,0.24566078,0.2379086,17.150223,17.076279
Morocco,1990,16.925379,9.740497,2.404044,446.79712495207787,5529.376839637756,0.21030323,0.25133994,0.25139815,17.375854,17.458893
Morocco,1991,15.880155,8.825025,2.442693,469.91232934594154,5496.412131309509,0.21757023,0.25940317,0.26287428,16.200539,16.260248
Morocco,1992,15.870338,8.255061,2.5039158,376.44792085886,5504.057021141052,0.18972898,0.23553813,0.24360274,16.11345,16.128965
Morocco,1993,15.685163,8.513283,2.482623,455.1944377273321,5434.13063621521,0.20882118,0.24651219,0.23809962,15.99454,16.031595
Morocco,1994,16.892097,9.057689,2.4537168,343.830420807004,5676.891468048096,0.19926043,0.24676573,0.25843254,17.069273,17.00277
Morocco,1995,17.140318,9.287503,2.4924688,414.3820942491293,5544.991454601288,0.18571419,0.22856976,0.23418649,17.214218,17.179405
Morocco,1996,16.402596,9.713178,2.7229645,776.2511705458164,5446.821067810059,0.22646391,0.26392105,0.26327017,16.559717,16.671106
Morocco,1997,17.154505,10.193662,2.502771,566.778094753623,5507.074407577515,0.20931323,0.2485376,0.24394827,17.246458,17.233849
Morocco,1998,17.000032,9.253285,2.4453847,352.0816801339388,5643.001140594482,0.18500848,0.23225953,0.2375891,17.22759,17.267569
Morocco,1999,16.726776,9.225863,2.4738145,390.44201213121414,5633.081720352173,0.19837584,0.23611774,0.21707447,16.919914,16.956518
Morocco,2000,17.070175,8.988812,2.4933195,417.84026642516255,5738.505731582642,0.19127005,0.23567574,0.2164513,17.153275,17.12617
Morocco,2001,17.519773,9.180862,2.5470774,327.0909289717674,5695.3097133636475,0.18346249,0.22793609,0.22706462,17.739458,17.680483
Morocco,2002,17.077116,9.236816,2.5312712,479.98539481312037,5635.641376018524,0.19579355,0.23685682,0.21960215,17.253656,17.279036
Morocco,2003,17.246094,9.911382,2.567198,563.2887716889381,5494.100159168243,0.21599038,0.25024733,0.23312294,17.430346,17.463293
Morocco,2004,16.919184,9.375644,2.5083768,398.2028188109398,5562.131210327148,0.1966195,0.23839836,0.22575851,16.886122,16.92221
Morocco,2005,16.966583,8.534447,2.4767377,282.16947685182095,5728.749646186829,0.17210503,0.21040286,0.1937968,17.04632,17.00493
Morocco,2006,17.301958,9.503616,2.5122757,448.2428860068321,5480.823422431946,0.19834204,0.22838064,0.19837762,17.422213,17.414297
Morocco,2007,16.70902,8.457606,2.4512427,398.07402887940407,5604.245495796204,0.18213058,0.21618958,0.17609477,16.929869,16.98382
Morocco,2008,16.627447,9.02509,2.5888712,563.1939729750156,5564.014922618866,0.20949787,0.23673393,0.19725887,16.78108,16.815718
Morocco,2009,17.344841,9.318886,2.670453,568.3562790304422,5543.22772693634,0.20304002,0.23743327,0.22976238,17.374971,17.185005
Morocco,2010,17.568258,10.284828,2.7444322,757.3561852872372,5354.471059322357,0.21863145,0.2521313,0.2512714,17.708855,17.804329
Morocco,2011,17.195158,9.389384,2.476159,511.79057232290506,5564.56219959259,0.20406766,0.23977347,0.23390321,17.324282,17.396414
Morocco,2012,16.960503,8.339732,2.523659,453.9346168190241,5657.718522071838,0.19334334,0.22965693,0.21900934,17.155298,17.105425
Morocco,2013,16.73437,8.614301,2.6913064,472.7982793301344,5585.010753631592,0.1916759,0.22594023,0.22090714,17.015778,17.025927
Morocco,2014,17.313484,8.920029,2.6315496,461.28029434382915,5562.404074668884,0.19114095,0.2242295,0.19225007,17.555452,17.536758
Morocco,2015,17.46124,9.008369,2.4621518,403.7317149862647,5576.980017662048,0.18483423,0.21989317,0.18705112,17.735025,17.73748
Morocco,2016,17.678381,8.804242,2.6309159,432.7890984714031,5595.220559597015,0.17471571,0.20182864,0.15838216,18.196486,18.24991
Morocco,2017,18.098944,7.8854218,2.5257416,300.28212305903435,5748.404662132263,0.16499664,0.20301788,0.16835879,18.550056,18.53839
Morocco,2018,16.51705,9.221748,2.6372166,639.9978489950299,5350.526443481445,0.21344556,0.2396399,0.19463843,16.73606,16.837484
Morocco,2019,17.197119,8.14947,2.5751598,353.04021510481834,5710.254747390747,0.1736242,0.2089677,0.17804949,17.641516,17.573265
Morocco,2020,17.972166,8.871475,2.4782386,359.58485462516546,5670.460748672485,0.17370541,0.21091652,0.17972285,18.34526,18.328299
Morocco,2021,17.562477,8.797444,2.5404766,392.1687106266618,5614.860627174377,0.17960157,0.21846996,0.1910121,17.918594,17.959633
Morocco,2022,18.37896,8.356214,2.6088398,341.49617026746273,5616.947559833527,0.1618524,0.20142287,0.16650118,18.736414,18.666773
Morocco,2023,18.34169,8.045326,2.4500895,264.838236220181,5720.6463260650635,0.15695478,0.19803655,0.16188927,18.88124,18.942093
Morocco,2024,18.344091,8.893102,2.6021793,374.0575813949108,5601.327736854553,0.16607213,0.20515083,0.15653436,18.849068,18.887033
Portugal,1985,15.0015,8.650993,2.9204576,870.1040697395802,5183.09609413147,0.24514578,0.26274568,0.2789549,15.529262,15.489888
Portugal,1986,14.536387,8.580731,2.843325,657.6204087361693,5206.280804157257,0.24951829,0.2643819,0.2719688,15.184677,15.200836
Portugal,1987,15.427254,9.626762,2.9185562,897.4854122400284,5050.564063072205,0.26188305,0.27318048,0.28238705,15.889668,15.80366
Portugal,1988,14.85863,9.046849,2.9411752,760.3570277262479,5114.731021404266,0.26178858,0.27909282,0.29218313,15.241641,15.299167
Portugal,1989,15.89272,9.705948,2.9712276,969.8339373767376,5188.907625198364,0.24710308,0.2590594,0.26635125,16.354975,16.20237
Portugal,1990,15.484799,9.31886,2.8991375,607.3583448529243,5296.143708229065,0.24646807,0.26346025,0.2823963,16.106062,16.214096
Portugal,1991,15.07283,8.296596,2.9316943,588.9890214800835,5318.195112228394,0.23829103,0.2537566,0.2683026,15.584488,15.568072
Portugal,1992,14.827214,8.119698,2.9644516,544.4116110056639,5340.720164775848,0.22495723,0.24055807,0.2427816,15.307724,15.2704315
Portugal,1993,14.131638,8.371463,2.9195168,759.2467762380838,5078.211531639099,0.259537,0.27116668,0.27491823,14.480103,14.511559
Portugal,1994,15.107857,9.104747,2.951442,665.298235103488,5322.459102630615,0.24057823,0.25804302,0.27426106,15.541473,15.481987
Portugal,1995,16.253283,9.505681,3.012018,776.5338576734066,5308.904239654541,0.22583269,0.24099945,0.24881846,16.793985,16.671288
Portugal,1996,15.075734,9.115071,3.096234,1024.4857863783836,5223.278124809265,0.2577587,0.27234668,0.28290135,15.65446,15.760205
Portugal,1997,15.970543,10.130295,2.8365583,1006.8498268406838,5108.420931339264,0.25395712,0.2671505,0.2799104,16.396315,16.324448
Portugal,1998,15.418663,9.25459,2.8834531,617.6963003724813,5315.728621959686,0.2409445,0.26066485,0.2781152,15.918757,16.005308
Portugal,1999,14.968495,8.824425,2.9975643,700.9278767108917,5316.8380818367,0.24205299,0.25505456,0.2500239,15.461179,15.42973
Portugal,2000,15.139412,8.908938,3.0047665,910.6617110073566,5242.348508834839,0.24186642,0.25694132,0.2683166,15.633723,15.579285
Portugal,2001,15.221295,9.112378,3.1116273,926.8615300059319,5214.75147151947,0.25187612,0.2674934,0.28375548,15.754542,15.840732
Portugal,2002,15.249016,9.715996,2.9717715,890.356069996953,5130.751923561096,0.26064342,0.27375025,0.28012338,15.635419,15.500302
Portugal,2003,15.564578,9.428032,2.9575424,858.5084183216095,5184.835120677948,0.26030928,0.27535906,0.29045683,15.993108,15.991649
Portugal,2004,15.233228,8.90609,2.817089,559.5994174778461,5361.178751945496,0.24025647,0.2548915,0.27262795,15.738505,15.749489
Portugal,2005,15.255496,7.680336,2.9116695,518.3843228518963,5489.031985759735,0.2058176,0.22156364,0.23581989,15.811084,15.710045
Portugal,2006,15.737946,9.461322,2.8820257,882.9656232595444,5271.27557516098,0.25586244,0.2687335,0.2776349,16.22107,16.156637
Portugal,2007,14.848712,8.636144,2.787511,560.9630790948868,5371.55456829071,0.23858495,0.25148427,0.25800353,15.308963,15.355449
Portugal,2008,14.761279,8.71622,2.955226,670.1291457116604,5244.967154979706,0.24076247,0.24712312,0.24396515,15.231633,15.258614
Portugal,2009,15.671222,8.662285,3.0037358,774.733490511775,5382.571098327637,0.22108929,0.23300047,0.23675506,16.311205,16.170235
Portugal,2010,15.308042,8.820732,3.0532649,1019.2560468539596,5172.224394798279,0.26129484,0.2755195,0.28567317,15.847122,15.898781
Portugal,2011,15.781535,9.1632185,2.8214254,718.2065331339836,5390.9559507369995,0.24633841,0.26129994,0.2725353,16.262812,16.229795
Portugal,2012,14.959198,7.700981,2.8961093,604.846451818943,5393.59645318985,0.21632586,0.23032923,0.23643263,15.646118,15.591098
Portugal,2013,15.117767,8.300133,3.0560586,831.0101984776556,5279.7560448646545,0.24164629,0.2577617,0.27544138,15.7067995,15.6851225
Portugal,2014,15.361827,9.822464,3.077874,951.9361176341772,5116.492726325989,0.26239458,0.2732282,0.2776337,15.917702,15.89787
Portugal,2015,15.759053,9.01875,2.8966978,544.0561741739511,5381.3415994644165,0.22634314,0.23876958,0.24983023,16.354187,16.231064
Portugal,2016,15.611043,9.226273,3.0142653,843.1693342924118,5259.882513046265,0.25213358,0.26229933,0.26577297,16.3069,16.327894
Portugal,2017,16.174452,8.297915,2.944505,487.26168102771044,5593.861871242523,0.20559399,0.2168503,0.22683442,16.904955,16.86925
Portugal,2018,15.106377,9.190048,2.952153,861.0893630087376,5126.928180217743,0.2513639,0.2611353,0.25895438,15.858116,15.88119
Portugal,2019,15.480545,8.682569,3.0776064,648.0772847831249,5390.879930019379,0.22055006,0.22811536,0.2349634,16.250284,16.195587
Portugal,2020,15.998532,9.704738,2.8772573,691.3276445940137,5195.841541290283,0.24641456,0.25729856,0.25587294,16.7361,16.741966
Portugal,2021,15.4503145,8.975891,2.9660158,684.5460814610124,5350.83234500885,0.23382324,0.24390213,0.24226786,16.141611,16.089445
Portugal,2022,16.460182,9.545471,2.9187481,754.068278349936,5274.162311077118,0.22217572,0.22969867,0.2203685,17.24771,17.121798
Portugal,2023,16.307955,9.320534,2.8984272,670.9184013828635,5431.384806156158,0.22727501,0.23855801,0.24582936,17.110209,17.129503
Portugal,2024,16.143723,10.222252,3.0131633,749.9466666132212,5248.423872470856,0.25019306,0.26073334,0.272383,16.849768,16.823961
Spain,1985,14.551369,7.0552497,2.6742744,575.2466869726777,5232.981822490692,0.24071424,0.25139436,0.25697786,14.881986,14.827438
Spain,1986,14.116463,7.060697,2.6548262,538.5371642112732,5179.647252082825,0.2521915,0.26010612,0.25112095,14.432591,14.472806
Spain,1987,14.822759,8.008527,2.7062924,677.40797072649,5099.73094367981,0.25868943,0.26618874,0.2599971,15.061984,14.980182
Spain,1988,14.358696,7.739245,2.6832638,573.6165997162461,5133.415425777435,0.26266387,0.2769486,0.28180942,14.467603,14.532603
Spain,1989,15.272092,8.284187,2.7456338,775.8821490705013,5121.02125453949,0.25231633,0.26124159,0.25290135,15.383517,15.219266
Spain,1990,14.98244,7.951032,2.674484,448.55410915613174,5254.925110816956,0.24853809,0.26140663,0.27190757,15.290627,15.407489
Spain,1991,14.33653,6.8908515,2.6872532,476.3818503469229,5238.972205162048,0.24730258,0.26015756,0.26587406,14.546738,14.548062
Spain,1992,14.186267,6.6660028,2.6960154,454.86896058917046,5247.230838298798,0.23474473,0.24757123,0.24429215,14.260846,14.223086
Spain,1993,13.666516,6.8073373,2.6916864,501.674084559083,5142.402183532715,0.24983823,0.25993112,0.25774458,13.722488,13.749349
Spain,1994,15.10511,7.2951026,2.7176704,400.39949106425047,5420.205445766449,0.23175128,0.24800201,0.2557309,15.172101,15.087535
Spain,1995,15.75925,7.6318765,2.804162,493.0630761086941,5342.479090213776,0.21574534,0.22746794,0.22656816,15.958107,15.83403
Spain,1996,14.630974,7.5526786,2.8838327,816.5795308351517,5168.401277542114,0.2568214,0.26645264,0.25839278,14.851163,14.96024
Spain,1997,15.505467,8.460373,2.6589863,768.7655180841684,5131.2947425842285,0.24887353,0.25782463,0.2526873,15.626488,15.574298
Spain,1998,15.019737,7.5181274,2.6664588,468.3697329759598,5283.282978057861,0.2339149,0.24631852,0.24948068,15.137103,15.22644
Spain,1999,14.857643,7.0250573,2.8010123,500.26100265979767,5346.983757972717,0.22872002,0.23280424,0.20337518,15.084432,15.031754
Spain,2000,15.007131,7.0555625,2.7752829,560.9947778731585,5370.342544078827,0.23048927,0.24057646,0.23038746,15.202393,15.149554
Spain,2001,15.141541,7.434176,2.8661005,595.5615278631449,5270.4631061553955,0.24382691,0.25479552,0.25045323,15.363376,15.4481325
Spain,2002,15.118716,7.779798,2.761099,608.5458769202232,5208.675211429596,0.24363084,0.24955936,0.22579847,15.249377,15.105273
Spain,2003,15.340195,7.700193,2.7776463,655.9745222777128,5207.715163230896,0.25407174,0.26164085,0.24791367,15.540853,15.55013
Spain,2004,14.819794,7.290146,2.6290665,502.3645653426647,5282.765643119812,0.23833819,0.24781322,0.23953752,15.009845,15.051036
Spain,2005,14.818031,5.8523507,2.707964,358.047707490623,5476.280090808868,0.20160528,0.20783867,0.19386794,15.136136,15.071426
Spain,2006,15.526738,7.641195,2.6848755,608.9832736849785,5271.916124820709,0.2425614,0.2456495,0.21999882,15.795415,15.712604
Spain,2007,14.515976,6.866155,2.6356394,489.1953203305602,5310.746818065643,0.23198341,0.2368226,0.21615468,14.753143,14.828
Spain,2008,14.482539,6.9142966,2.780928,577.9173345267773,5222.002844333649,0.23757242,0.23745109,0.19921452,14.729482,14.747165
Spain,2009,15.373357,6.5643563,2.8319056,559.6338692754507,5393.621426105499,0.2150355,0.2197063,0.20353426,15.808957,15.650658
Spain,2010,14.623548,6.9890747,2.8188584,791.3201729506254,5119.449042797089,0.2583428,0.26303944,0.2517242,14.964493,15.053988
Spain,2011,15.531934,7.3215156,2.6310484,518.6700855195522,5349.05003452301,0.23464762,0.24059105,0.22532797,15.798108,15.737119
Spain,2012,14.940094,5.499209,2.7564962,485.357124581933,5470.0259165763855,0.21022819,0.21559508,0.19384412,15.425954,15.349965
Spain,2013,14.620148,6.6302085,2.883003,604.337415382266,5245.53960609436,0.23468976,0.2414185,0.2355517,14.928838,14.961441
Spain,2014,15.412636,7.7307053,2.882433,597.9384581372142,5253.706098079681,0.23944904,0.24198984,0.22030109,15.729304,15.677381
Spain,2015,15.729042,7.0046134,2.6776102,406.9122598171234,5380.341692447662,0.21278453,0.21658558,0.20068352,16.01683,15.915721
Spain,2016,15.50676,7.4538245,2.7988167,623.0758511573076,5250.913643360138,0.23785944,0.2382081,0.21075915,15.977974,15.997665
Spain,2017,16.050203,6.3108773,2.7188866,383.91357588768005,5521.868237495422,0.20004267,0.20227613,0.18825059,16.526138,16.500069
Spain,2018,14.889969,7.5238547,2.7584562,709.1331958770752,5136.760497570038,0.24928986,0.24856198,0.21512848,15.351893,15.392311
Spain,2019,15.44737,6.557528,2.889656,469.5613163411617,5435.245394706726,0.20918252,0.21174073,0.19277172,15.981496,15.899936
Spain,2020,15.599278,7.5130897,2.6861842,548.4023495465517,5220.761062145233,0.23618133,0.23814334,0.2107084,16.219126,16.243393
Spain,2021,15.234741,7.039828,2.778886,551.5444185733795,5301.217782020569,0.22864388,0.22862881,0.20119405,15.798772,15.75235
Spain,2022,16.336016,7.2780075,2.7487195,559.4358543455601,5295.289352416992,0.21682715,0.2156641,0.18823993,16.867706,16.763842
Spain,2023,16.072708,6.914566,2.72172,452.5545776858926,5439.412372589111,0.2137147,0.22081284,0.20384805,16.747551,16.800842
Spain,2024,16.00767,8.010567,2.7967281,587.0300657898188,5288.1261620521545,0.23705141,0.23973505,0.22225028,16.595537,16.570932
Syria,1985,16.993599,8.265485,3.1130247,418.74218940734863,5398.026789188385,0.18385942,0.23482025,0.24263223,17.94618,17.828482
Syria,1986,17.16722,9.160359,3.0347579,422.31311798095703,5331.568437576294,0.18250708,0.23434912,0.24355118,18.258255,18.28634
Syria,1987,16.999153,8.188293,3.055834,535.6757926940918,5377.588111877441,0.1929292,0.24219805,0.25416347,18.061007,18.022673
Syria,1988,16.847761,9.022408,3.1633425,619.1757128238678,5233.657684803009,0.22174512,0.2680371,0.2720194,17.861845,17.879213
Syria,1989,17.3021,8.210815,3.092846,310.6521224975586,5567.505240440369,0.17243195,0.22862041,0.23913598,18.203997,18.123718
Syria,1990,17.299795,7.7335916,3.1520193,256.1672019958496,5590.946179866791,0.15567218,0.21361218,0.22339274,18.37794,18.314898
Syria,1991,17.073748,8.79026,3.2012384,460.78237533569336,5335.168324947357,0.17989767,0.22813477,0.22215553,17.985506,18.051687
Syria,1992,15.777313,6.9747415,3.086437,415.93257904052734,5289.230632781982,0.19113518,0.2375675,0.24577908,16.716072,16.792603
Syria,1993,16.797623,8.078217,3.0237267,386.4531898498535,5395.642666339874,0.1892777,0.24218482,0.24785239,17.477516,17.36168
Syria,1994,18.003256,9.49366,3.181775,527.5199699401855,5373.573420524597,0.1987858,0.24200062,0.24530645,18.888731,18.915474
Syria,1995,17.346533,8.8539095,3.0699446,356.2161064147949,5417.753638744354,0.18015587,0.22910552,0.24129169,18.220488,18.258566
Syria,1996,17.649927,9.807648,3.1075459,541.2035942077637,5293.540533065796,0.20486563,0.24791585,0.24624722,18.463266,18.347837
Syria,1997,16.843023,8.654096,3.1923153,438.73912811279297,5344.211856365204,0.19372417,0.23911785,0.23665148,17.708565,17.771408
Syria,1998,18.43049,9.868187,3.0539424,423.0131721496582,5361.635815620422,0.17706724,0.22769475,0.2305227,19.16089,19.03729
Syria,1999,18.471489,9.538033,3.1317117,277.90804862976074,5482.601774215698,0.1573627,0.2081498,0.21409732,19.38663,19.462578
Syria,2000,17.89824,9.000374,3.0675259,406.3479310274124,5472.1855211257935,0.17235915,0.211101,0.1980264,18.697235,18.78901
Syria,2001,18.582794,10.282333,3.1065242,460.92748641967773,5361.114761352539,0.17761226,0.2061146,0.19066568,19.218859,19.304644
Syria,2002,17.927765,9.186358,3.148413,411.36165618896484,5403.482895851135,0.17259128,0.2073247,0.19303478,18.622238,18.694044
Syria,2003,17.824913,9.403839,3.2347095,521.6543978452682,5351.949946880341,0.1907184,0.2349747,0.22633217,18.48567,18.536163
Syria,2004,17.707535,8.702159,3.1796563,434.0821647644043,5454.813941955566,0.18178272,0.23260821,0.22963011,18.601585,18.62855
Syria,2005,17.508036,8.831825,3.2197545,351.5798854827881,5457.6123967170715,0.16935897,0.22600865,0.2265752,18.36203,18.336962
Syria,2006,17.63755,8.750293,3.1291704,383.522891998291,5424.177914142609,0.16788466,0.21713082,0.21796441,18.53955,18.595718
Syria,2007,17.965788,8.991203,3.0715826,408.8180923461914,5399.532331466675,0.17153579,0.21158381,0.19975592,18.692331,18.67952
Syria,2008,18.132935,8.047462,3.1905196,276.298828125,5551.016537666321,0.14230584,0.17996489,0.17996669,18.898392,18.819628
Syria,2009,18.138895,9.092916,3.1425526,392.9777145385742,5336.737798213959,0.16440518,0.1914729,0.17749925,18.948408,18.879562
Syria,2010,19.535204,9.52066,3.1746352,326.5505790710449,5437.221580982208,0.14624262,0.19075234,0.1774764,20.547897,20.573257
Syria,2011,17.444939,8.772161,3.0725276,431.5443992614746,5386.037588119507,0.16705243,0.19086395,0.15015848,18.40611,18.682688
Syria,2012,18.42668,9.244794,3.1070669,538.6122512817383,5393.536023139954,0.18093616,0.20987432,0.16016316,19.24259,19.058428
Syria,2013,18.50357,8.361682,3.321668,350.2625293135643,5488.519555091858,0.154752,0.2003442,0.16539729,19.407824,19.494492
Syria,2014,18.870726,9.568982,3.2270582,362.74081814289093,5394.261363506317,0.15211424,0.18067737,0.11291259,19.67472,19.479227
Syria,2015,18.684752,8.877907,3.1741226,404.56329345703125,5441.259316444397,0.154991,0.18651871,0.16263044,19.594048,19.563002
Syria,2016,19.023752,8.203122,3.219742,371.7282485961914,5515.222367763519,0.139144,0.16112338,0.11555203,20.086044,20.08093
Syria,2017,18.792997,8.241196,3.0246923,301.01022803783417,5554.0462012290955,0.14157745,0.17353964,0.12020084,19.814894,19.636726
Syria,2018,19.488062,10.564099,3.1670024,569.6379852294922,5264.198796749115,0.18283002,0.20821309,0.12724502,20.411402,20.46338
Syria,2019,18.795221,9.675865,3.1658046,546.7447471618652,5346.520184993744,0.18260998,0.2214995,0.19179405,19.672834,19.69593
Syria,2020,19.121244,9.352641,3.152331,396.7596435546875,5428.002116203308,0.1691239,0.20340757,0.16620265,19.955061,19.912432
Syria,2021,19.236593,8.558098,3.211951,304.1182518005371,5595.461455821991,0.13508785,0.18057835,0.12693444,20.373465,20.355461
Syria,2022,18.726067,9.042511,3.1286824,367.0701599121094,5457.594323158264,0.15500824,0.18418676,0.12033481,19.905882,19.918388
Syria,2023,19.145569,9.436798,3.1269534,404.3608283996582,5432.18944311142,0.16210678,0.19534017,0.114964664,20.224897,20.153063
Syria,2024,19.50483,9.7818575,3.1526425,428.3097148090601,5336.902208328247,0.15340039,0.18878971,0.12934473,20.735952,20.80211
Tunisia,1985,17.754206,9.675278,2.9411285,304.9511778354645,5108.996212482452,0.17246132,0.20597468,0.20861699,17.891655,17.822565
Tunisia,1986,17.585114,10.017146,3.102107,411.849121555686,5028.535487174988,0.18336356,0.20716739,0.19753556,17.844215,17.908201
Tunisia,1987,18.07939,9.609538,3.062248,332.153564453125,5013.013329982758,0.17417319,0.20543523,0.20490873,18.140343,18.034386
Tunisia,1988,18.246218,9.734055,3.0934951,299.67973506450653,5115.374122142792,0.16131254,0.18936957,0.18400241,18.602396,18.706888
Tunisia,1989,17.926514,10.333153,2.8397171,279.65779876708984,5106.9058203697205,0.16795297,0.20012249,0.20282924,18.103765,18.030626
Tunisia,1990,18.03985,10.8589325,2.8794076,483.18225860595703,4942.144817352295,0.1962779,0.22327298,0.23104781,18.196678,18.285576
Tunisia,1991,16.948679,9.602054,3.0169709,384.19529724121094,5010.226001739502,0.19496535,0.22360468,0.22964962,17.108656,17.143446
Tunisia,1992,17.122215,9.821259,2.9289443,460.6713638305664,5003.286107540131,0.19456488,0.22330286,0.22411549,17.136637,17.111773
Tunisia,1993,17.673052,9.727094,3.0280883,258.7927244976163,5150.335502147675,0.17249866,0.20427303,0.21835129,17.772552,17.751495
Tunisia,1994,18.78315,9.812825,3.0602262,245.46964263916016,5226.48103761673,0.15473458,0.18682624,0.1888659,18.886816,18.842827
Tunisia,1995,18.08579,10.064384,3.050927,348.75445556640625,5106.047836780548,0.1675484,0.19411956,0.18693916,18.169535,18.183624
Tunisia,1996,17.710875,9.8005705,3.129612,403.4648895263672,5004.547492980957,0.18019478,0.20410329,0.19596428,17.633642,17.668734
Tunisia,1997,18.339058,10.527738,3.002856,404.879150390625,5037.705144882202,0.17697327,0.19880015,0.18468547,18.297308,18.303503
Tunisia,1998,18.070375,9.52325,3.0103753,313.9830322265625,5135.236129283905,0.1647279,0.19094558,0.19107814,18.147722,18.190666
Tunisia,1999,18.877548,10.37178,3.097525,363.2245635986328,5107.768561840057,0.17104147,0.19966947,0.19910277,18.908485,18.836817
Tunisia,2000,18.511244,9.72982,2.9962718,255.88924407958984,5252.8829798698425,0.1575145,0.18539335,0.17860663,18.536139,18.535606
Tunisia,2001,18.889626,9.90343,3.0648959,254.89056396484375,5214.2248640060425,0.15184464,0.17937924,0.17503214,19.050554,19.079786
Tunisia,2002,18.508204,9.979238,3.0905607,322.62965393066406,5110.492085933685,0.16004981,0.17973755,0.16575658,18.460602,18.454512
Tunisia,2003,18.680807,10.855527,3.1016347,582.6518859863281,4954.284916400909,0.19918595,0.22053324,0.19741577,18.547598,18.589949
Tunisia,2004,18.16977,10.5052185,2.9877431,441.68884670734406,5026.309490680695,0.18660198,0.20942688,0.19883592,18.077986,18.077097
Tunisia,2005,18.02532,9.9464035,3.0202026,402.98612213134766,5040.930823802948,0.17835695,0.20204467,0.19373964,17.98748,18.014063
Tunisia,2006,18.676735,10.377788,2.9443724,349.7731628417969,5112.930401802063,0.17357206,0.19938906,0.19922547,18.509844,18.466759
Tunisia,2007,18.4488,10.506584,3.0760148,402.6206741333008,5048.867898464203,0.17558597,0.20441979,0.19885314,18.344275,18.405039
Tunisia,2008,18.489786,10.374043,2.9671204,315.14759826660156,5144.324800014496,0.16848592,0.1941985,0.18405066,18.386368,18.390177
Tunisia,2009,18.32707,10.163144,3.1512496,497.3050003051758,5074.9509100914,0.18651389,0.2154776,0.20262146,18.0707,18.0158
Tunisia,2010,18.6625,10.165439,3.1905267,353.24456787109375,5042.032601356506,0.1660131,0.18885368,0.17984192,18.664099,18.762869
Tunisia,2011,18.259598,10.641965,3.0247314,452.1300582885742,5014.722322940826,0.17879544,0.20041794,0.17925495,18.22746,18.24508
Tunisia,2012,18.925028,10.436215,3.0738258,373.13280487060547,5162.454795837402,0.17231373,0.20232682,0.19315183,18.823263,18.763899
Tunisia,2013,18.449003,10.262349,3.2691734,352.1163024902344,5108.992383003235,0.16404729,0.18767415,0.17840439,18.560806,18.619543
Tunisia,2014,18.985153,10.21273,3.1840715,368.90504455566406,5150.960768699646,0.16582684,0.18929213,0.17507602,18.954031,18.91143
Tunisia,2015,18.565828,10.014397,3.1050403,332.42079162597656,5201.029873847961,0.1639802,0.18878247,0.16456209,18.793253,18.893501
Tunisia,2016,18.974005,10.304939,3.0791786,347.5758361816406,5165.6445388793945,0.16627438,0.1864953,0.15987803,19.228302,19.213697
Tunisia,2017,18.481398,9.193291,3.138688,285.7029037475586,5236.204545974731,0.15850548,0.18495221,0.16350986,18.779306,18.84861
Tunisia,2018,18.50569,10.460834,3.1057532,401.6603469848633,5034.456570625305,0.17155904,0.19043642,0.15818955,18.739275,18.714546
Tunisia,2019,18.416842,10.002167,3.2818034,435.2917785644531,5120.916856765747,0.17859942,0.201407,0.17622483,18.585182,18.547812
Tunisia,2020,18.841314,10.353595,3.02196,354.5660400390625,5144.9829659461975,0.16430716,0.18794876,0.16497786,19.102259,19.127525
Tunisia,2021,19.412169,9.739423,3.1342704,258.6603546142578,5165.857901096344,0.14962022,0.17723651,0.15873392,19.625435,19.600836
Tunisia,2022,19.65175,9.811829,3.0381405,232.27957916259766,5197.097878456116,0.14577095,0.17393343,0.157554,19.849657,19.775953
Tunisia,2023,19.512299,9.634786,3.081535,312.3963928222656,5166.153307437897,0.14406113,0.16876167,0.14508069,19.88353,19.934593
Tunisia,2024,19.807585,10.880101,3.0809717,254.5499258339405,5196.60068321228,0.15665276,0.18486023,0.16563462,20.146894,20.206377
Turkiye,1985,11.927836,4.6947656,2.4046254,628.8712852597237,5046.315832614899,0.24323343,0.24168079,0.22977696,12.754659,12.7328825
Turkiye,1986,12.384892,5.2538857,2.3191319,582.4321161806583,5151.615174770355,0.23402815,0.22877462,0.2323029,13.018379,13.11214
Turkiye,1987,11.733188,4.5180154,2.4137313,700.8264620304108,5008.545457363129,0.24888088,0.24693859,0.23687969,12.454674,12.46212
Turkiye,1988,11.916661,4.9663315,2.380451,716.9572562873363,5006.226388454437,0.25637668,0.25595596,0.24344198,12.625981,12.656247
Turkiye,1989,12.205586,4.4761276,2.3673322,503.41844779253006,5244.955148220062,0.2283966,0.22548485,0.22471385,12.903613,12.838086
Turkiye,1990,12.12675,4.6420975,2.3770478,510.55868685245514,5271.867266178131,0.2383061,0.2363286,0.23539479,12.663777,12.648727
Turkiye,1991,11.790337,5.021807,2.3099682,662.4160547852516,4927.875596046448,0.2513167,0.24741553,0.23612253,12.736066,12.798424
Turkiye,1992,10.627757,3.3362706,2.3868258,542.3866198062897,4994.109530925751,0.24030177,0.23751448,0.22976317,11.870074,11.907077
Turkiye,1993,11.645474,3.7930858,2.3893237,549.3299121260643,5133.21897983551,0.23395824,0.23277815,0.2314251,12.375798,12.349907
Turkiye,1994,13.097339,5.303243,2.4049337,613.9177118837833,5172.964704036713,0.2363286,0.23188122,0.22094852,13.810946,13.785716
Turkiye,1995,12.278621,5.191027,2.3955684,665.3729358911514,5100.470705986023,0.25032985,0.24441199,0.22605415,12.835136,12.929667
Turkiye,1996,12.536682,5.4810357,2.3205535,695.8193004727364,5050.343754768372,0.24987538,0.24224757,0.22560138,13.055875,12.974338
Turkiye,1997,11.6408,4.666504,2.3788557,685.9897978901863,5023.690345287323,0.25578094,0.25030094,0.22454369,12.187294,12.260292
Turkiye,1998,13.092346,6.20077,2.3693404,672.983041100204,5102.138855457306,0.24889867,0.2506228,0.24465494,13.427173,13.376579
Turkiye,1999,13.351588,6.323313,2.2969277,580.2734046578407,5144.518994808197,0.24180919,0.23814452,0.24027489,13.570023,13.597859
Turkiye,2000,12.2031355,5.02091,2.3420045,594.4903909265995,5108.760596752167,0.23463607,0.23225743,0.2360528,12.783806,12.916199
Turkiye,2001,13.702863,6.0359244,2.4823349,673.6142101585865,5229.310794830322,0.22485368,0.21869792,0.21564718,14.040265,14.0346985
Turkiye,2002,12.449054,5.4443536,2.240775,583.7888554930687,5125.690661907196,0.24768011,0.24436265,0.2508433,12.976741,13.081943
Turkiye,2003,12.526782,4.916392,2.4580126,611.6264698654413,5162.382533550262,0.23459661,0.23278253,0.23253955,12.943069,12.863942
Turkiye,2004,12.522052,4.4949393,2.4451272,555.8004348278046,5232.270489215851,0.22096582,0.21703266,0.221669,13.245575,13.254906
Turkiye,2005,12.604215,5.0365753,2.435169,629.3284991681576,5148.078683853149,0.23461394,0.22682412,0.21076602,13.13076,13.187129
Turkiye,2006,12.546445,4.9785767,2.3608274,568.8713814169168,5158.619001865387,0.23707686,0.23054893,0.21309793,13.151013,13.129804
Turkiye,2007,13.22733,4.6541343,2.406288,546.9923454225063,5340.854419231415,0.22445025,0.2141713,0.19294786,13.650813,13.466992
Turkiye,2008,12.918302,4.5745087,2.423553,465.5794046074152,5308.499689102173,0.2219642,0.21440609,0.20224951,13.504743,13.39944
Turkiye,2009,13.016904,5.609469,2.3951533,771.478211581707,5118.697150230408,0.2511505,0.2445603,0.22502826,13.336337,13.32426
Turkiye,2010,14.371971,6.666242,2.3889897,714.8219253569841,5165.462518215179,0.24313338,0.2381844,0.2280968,14.814354,14.747159
Turkiye,2011,11.899918,4.5824714,2.3252695,622.9944517165422,5120.335382461548,0.24383427,0.23900785,0.21828346,12.585383,12.836553
Turkiye,2012,12.950353,5.06383,2.3985481,715.995033711195,5153.952983856201,0.23595423,0.22816682,0.21204351,13.876124,13.679817
Turkiye,2013,13.017903,4.3139877,2.4684713,521.5546240359545,5322.96719789505,0.22573765,0.22202878,0.2053407,13.790929,13.967837
Turkiye,2014,13.758179,6.145096,2.3024452,668.7510099112988,5178.960941314697,0.23697065,0.22438474,0.17823303,14.156453,13.984879
Turkiye,2015,13.069717,5.522242,2.3709693,674.376147955656,5091.242906570435,0.24040796,0.23391896,0.21732719,13.815529,13.930717
Turkiye,2016,13.539248,4.841034,2.4769638,618.7676855176687,5241.909828186035,0.21671657,0.20229603,0.17605396,14.1946745,14.291728
Turkiye,2017,13.032387,4.745842,2.3771262,610.2723322212696,5218.057949066162,0.23030989,0.21659583,0.17679954,13.803569,13.759415
Turkiye,2018,14.336871,6.5632987,2.3660915,673.1371239125729,5187.632251262665,0.23600042,0.22705938,0.19264077,15.020358,15.030922
Turkiye,2019,13.706111,5.8040924,2.3874114,660.1706134080887,5195.911671638489,0.23069473,0.22024675,0.2016875,14.307037,14.3518095
Turkiye,2020,13.948853,5.3503366,2.4181736,520.6778081357479,5312.1275153160095,0.21894413,0.20934461,0.18862237,14.536389,14.584602
Turkiye,2021,13.454869,5.1881204,2.5247025,613.6914145052433,5217.89310503006,0.22132772,0.20934302,0.17331855,14.196498,14.263324
Turkiye,2022,13.043994,5.18339,2.4611185,556.4965552687645,5161.598031044006,0.22497123,0.21658488,0.19556104,13.881009,13.893834
Turkiye,2023,13.860044,6.2744064,2.3656437,717.6848054975271,5116.928288936615,0.24034382,0.2292042,0.1888748,14.421974,14.40655
Turkiye,2024,14.526001,6.3360496,2.4062722,578.533859193325,5229.685537338257,0.21987861,0.20467556,0.17603211,15.319638,15.407359
