Country,Year,Temperature_change
Algeria,1961,0.231
Algeria,1962,0.183
Algeria,1963,0.133
Algeria,1964,0.295
Algeria,1965,-0.073
Algeria,1966,0.415
Algeria,1967,-0.001
Algeria,1968,-0.065
Algeria,1969,0.24
Algeria,1970,0.063
Algeria,1971,-0.438
Algeria,1972,-0.395
Algeria,1973,-0.08
Algeria,1974,-0.555
Algeria,1975,-0.603
Algeria,1976,-0.877
Algeria,1977,0.472
Algeria,1978,-0.028
Algeria,1979,0.609
Algeria,1980,0.159
Algeria,1981,0.136
Algeria,1982,0.317
Algeria,1983,0.524
Algeria,1984,-0.04
Algeria,1985,0.454
Algeria,1986,0.257
Algeria,1987,0.9
Algeria,1988,1.289
Algeria,1989,0.295
Algeria,1990,1.235
Algeria,1991,-0.003
Algeria,1992,-0.34
Algeria,1993,0.528
Algeria,1994,0.698
Algeria,1995,0.555
Algeria,1996,0.795
Algeria,1997,0.983
Algeria,1998,1.056
Algeria,1999,1.425
Algeria,2000,0.765
Algeria,2001,1.793
Algeria,2002,1.187
Algeria,2003,1.518
Algeria,2004,0.92
Algeria,2005,1.192
Algeria,2006,1.333
Algeria,2007,1.158
Algeria,2008,1.129
Algeria,2009,0.887
Algeria,2010,2.182
Algeria,2011,1.323
Algeria,2012,1.081
Algeria,2013,1.108
Algeria,2014,1.603
Algeria,2015,1.05
Algeria,2016,1.685
Algeria,2017,1.431
Algeria,2018,1.15
Algeria,2019,1.117
Algeria,2020,1.881
Algeria,2021,2.333
Algeria,2022,1.696
Algeria,2023,2.196
Algeria,2024,2.725
Algeria,2025,2.012
Egypt,1961,-0.233
Egypt,1962,0.663
Egypt,1963,0.65
Egypt,1964,-0.341
Egypt,1965,-0.06
Egypt,1966,0.482
Egypt,1967,-0.655
Egypt,1968,-0.11
Egypt,1969,0.445
Egypt,1970,-0.07
Egypt,1971,-0.239
Egypt,1972,0.01
Egypt,1973,-0.285
Egypt,1974,-0.113
Egypt,1975,-0.474
Egypt,1976,-0.257
Egypt,1977,-0.111
Egypt,1978,-0.263
Egypt,1979,0.592
Egypt,1980,-0.088
Egypt,1981,-0.251
Egypt,1982,-0.379
Egypt,1983,-1.083
Egypt,1984,-0.174
Egypt,1985,0.28
Egypt,1986,0.151
Egypt,1987,-0.303
Egypt,1988,0.261
Egypt,1989,-0.15
Egypt,1990,-0.081
Egypt,1991,0.428
Egypt,1992,-0.588
Egypt,1993,0.033
Egypt,1994,0.632
Egypt,1995,0.158
Egypt,1996,0.394
Egypt,1997,0.068
Egypt,1998,0.773
Egypt,1999,0.839
Egypt,2000,0.083
Egypt,2001,0.687
Egypt,2002,0.816
Egypt,2003,0.716
Egypt,2004,0.637
Egypt,2005,0.511
Egypt,2006,0.712
Egypt,2007,0.558
Egypt,2008,0.87
Egypt,2009,0.853
Egypt,2010,2.273
Egypt,2011,0.614
Egypt,2012,0.941
Egypt,2013,1.041
Egypt,2014,1.247
Egypt,2015,1.198
Egypt,2016,1.392
Egypt,2017,0.61
Egypt,2018,2.057
Egypt,2019,0.992
Egypt,2020,1.0
Egypt,2021,1.688
Egypt,2022,0.613
Egypt,2023,1.868
Egypt,2024,2.013
Egypt,2025,1.402
Greece,1961,0.459
Greece,1962,0.601
Greece,1963,0.285
Greece,1964,-0.322
Greece,1965,-0.335
Greece,1966,0.783
Greece,1967,-0.2
Greece,1968,0.19
Greece,1969,-0.073
Greece,1970,0.28
Greece,1971,-0.232
Greece,1972,-0.189
Greece,1973,-0.359
Greece,1974,-0.187
Greece,1975,-0.246
Greece,1976,-0.898
Greece,1977,0.358
Greece,1978,-0.525
Greece,1979,0.21
Greece,1980,-0.347
Greece,1981,-0.158
Greece,1982,-0.212
Greece,1983,-0.46
Greece,1984,-0.09
Greece,1985,-0.028
Greece,1986,0.346
Greece,1987,-0.355
Greece,1988,0.172
Greece,1989,-0.163
Greece,1990,0.407
Greece,1991,-0.159
Greece,1992,-0.489
Greece,1993,-0.287
Greece,1994,1.109
Greece,1995,0.009
Greece,1996,-0.114
Greece,1997,-0.142
Greece,1998,0.694
Greece,1999,0.864
Greece,2000,0.741
Greece,2001,1.38
Greece,2002,0.503
Greece,2003,0.457
Greece,2004,0.407
Greece,2005,0.271
Greece,2006,0.317
Greece,2007,1.148
Greece,2008,0.949
Greece,2009,0.835
Greece,2010,1.633
Greece,2011,0.441
Greece,2012,1.286
Greece,2013,1.374
Greece,2014,1.123
Greece,2015,0.961
Greece,2016,1.626
Greece,2017,0.715
Greece,2018,2.002
Greece,2019,1.475
Greece,2020,1.351
Greece,2021,1.718
Greece,2022,1.109
Greece,2023,1.909
Greece,2024,2.678
Greece,2025,1.945
Italy,1961,0.812
Italy,1962,0.048
Italy,1963,-0.347
Italy,1964,0.144
Italy,1965,-0.42
Italy,1966,0.313
Italy,1967,0.304
Italy,1968,0.021
Italy,1969,-0.097
Italy,1970,-0.151
Italy,1971,-0.151
Italy,1972,-0.14
Italy,1973,0.021
Italy,1974,-0.13
Italy,1975,0.055
Italy,1976,-0.334
Italy,1977,0.27
Italy,1978,-0.555
Italy,1979,0.0
Italy,1980,-0.44
Italy,1981,-0.303
Italy,1982,0.482
Italy,1983,0.357
Italy,1984,-0.478
Italy,1985,0.109
Italy,1986,0.438
Italy,1987,0.178
Italy,1988,0.815
Italy,1989,0.391
Italy,1990,1.112
Italy,1991,0.006
Italy,1992,0.501
Italy,1993,0.479
Italy,1994,1.478
Italy,1995,0.391
Italy,1996,0.209
Italy,1997,0.912
Italy,1998,0.933
Italy,1999,0.882
Italy,2000,1.209
Italy,2001,1.513
Italy,2002,0.895
Italy,2003,1.508
Italy,2004,0.729
Italy,2005,0.542
Italy,2006,0.817
Italy,2007,1.535
Italy,2008,1.093
Italy,2009,1.169
Italy,2010,0.699
Italy,2011,1.189
Italy,2012,1.488
Italy,2013,0.962
Italy,2014,1.581
Italy,2015,1.654
Italy,2016,1.664
Italy,2017,1.57
Italy,2018,1.82
Italy,2019,1.637
Italy,2020,1.847
Italy,2021,1.532
Italy,2022,2.112
Italy,2023,2.244
Italy,2024,2.666
Italy,2025,2.182
Libya,1961,-0.401
Libya,1962,0.283
Libya,1963,0.315
Libya,1964,-0.022
Libya,1965,-0.035
Libya,1966,0.343
Libya,1967,-0.497
Libya,1968,-0.022
Libya,1969,0.762
Libya,1970,-0.261
Libya,1971,-0.25
Libya,1972,0.095
Libya,1973,-0.149
Libya,1974,-0.142
Libya,1975,-0.488
Libya,1976,-0.603
Libya,1977,0.222
Libya,1978,-0.323
Libya,1979,0.145
Libya,1980,-0.114
Libya,1981,-0.064
Libya,1982,0.052
Libya,1983,-0.345
Libya,1984,-0.05
Libya,1985,0.086
Libya,1986,0.242
Libya,1987,-0.028
Libya,1988,0.911
Libya,1989,-0.026
Libya,1990,0.578
Libya,1991,0.302
Libya,1992,-0.348
Libya,1993,0.339
Libya,1994,0.447
Libya,1995,0.321
Libya,1996,0.569
Libya,1997,0.466
Libya,1998,0.758
Libya,1999,1.208
Libya,2000,0.254
Libya,2001,1.237
Libya,2002,0.885
Libya,2003,0.959
Libya,2004,0.729
Libya,2005,0.695
Libya,2006,0.727
Libya,2007,0.718
Libya,2008,0.744
Libya,2009,0.618
Libya,2010,1.921
Libya,2011,0.686
Libya,2012,0.631
Libya,2013,1.022
Libya,2014,1.147
Libya,2015,0.63
Libya,2016,1.54
Libya,2017,0.236
Libya,2018,1.682
Libya,2019,0.903
Libya,2020,1.154
Libya,2021,1.897
Libya,2022,0.556
Libya,2023,1.466
Libya,2024,2.444
Libya,2025,1.403
Morocco,1961,0.726
Morocco,1962,0.645
Morocco,1963,0.262
Morocco,1964,0.548
Morocco,1965,-0.277
Morocco,1966,0.487
Morocco,1967,0.011
Morocco,1968,-0.197
Morocco,1969,-0.068
Morocco,1970,0.015
Morocco,1971,-0.902
Morocco,1972,-1.39
Morocco,1973,-0.015
Morocco,1974,-0.55
Morocco,1975,-0.349
Morocco,1976,-0.941
Morocco,1977,-0.038
Morocco,1978,0.219
Morocco,1979,0.365
Morocco,1980,0.461
Morocco,1981,0.355
Morocco,1982,0.327
Morocco,1983,0.616
Morocco,1984,0.085
Morocco,1985,0.666
Morocco,1986,0.074
Morocco,1987,0.889
Morocco,1988,0.832
Morocco,1989,0.537
Morocco,1990,1.27
Morocco,1991,-0.003
Morocco,1992,0.065
Morocco,1993,0.13
Morocco,1994,0.902
Morocco,1995,1.048
Morocco,1996,0.804
Morocco,1997,1.138
Morocco,1998,1.472
Morocco,1999,0.941
Morocco,2000,0.858
Morocco,2001,1.691
Morocco,2002,1.062
Morocco,2003,1.556
Morocco,2004,1.01
Morocco,2005,1.16
Morocco,2006,1.359
Morocco,2007,0.896
Morocco,2008,1.039
Morocco,2009,1.137
Morocco,2010,2.009
Morocco,2011,1.683
Morocco,2012,1.287
Morocco,2013,1.197
Morocco,2014,1.631
Morocco,2015,1.166
Morocco,2016,1.788
Morocco,2017,2.095
Morocco,2018,0.541
Morocco,2019,1.462
Morocco,2020,2.083
Morocco,2021,1.771
Morocco,2022,2.247
Morocco,2023,2.524
Morocco,2024,2.644
Morocco,2025,2.139
Portugal,1961,0.826
Portugal,1962,0.541
Portugal,1963,-0.07
Portugal,1964,0.534
Portugal,1965,-0.218
Portugal,1966,0.289
Portugal,1967,-0.043
Portugal,1968,0.023
Portugal,1969,-0.351
Portugal,1970,0.08
Portugal,1971,-0.881
Portugal,1972,-0.924
Portugal,1973,-0.087
Portugal,1974,-0.459
Portugal,1975,-0.107
Portugal,1976,-0.38
Portugal,1977,-0.303
Portugal,1978,0.136
Portugal,1979,0.131
Portugal,1980,0.243
Portugal,1981,0.524
Portugal,1982,0.538
Portugal,1983,0.262
Portugal,1984,-0.156
Portugal,1985,0.489
Portugal,1986,0.055
Portugal,1987,0.704
Portugal,1988,0.588
Portugal,1989,1.075
Portugal,1990,1.358
Portugal,1991,0.396
Portugal,1992,0.383
Portugal,1993,-0.233
Portugal,1994,0.644
Portugal,1995,1.622
Portugal,1996,0.7
Portugal,1997,1.569
Portugal,1998,1.186
Portugal,1999,0.568
Portugal,2000,0.6
Portugal,2001,1.091
Portugal,2002,0.636
Portugal,2003,1.403
Portugal,2004,0.961
Portugal,2005,0.937
Portugal,2006,1.508
Portugal,2007,0.734
Portugal,2008,0.623
Portugal,2009,1.331
Portugal,2010,1.077
Portugal,2011,1.583
Portugal,2012,0.769
Portugal,2013,0.909
Portugal,2014,1.329
Portugal,2015,1.376
Portugal,2016,1.658
Portugal,2017,2.085
Portugal,2018,0.841
Portugal,2019,1.225
Portugal,2020,1.921
Portugal,2021,1.153
Portugal,2022,2.188
Portugal,2023,2.482
Portugal,2024,2.069
Portugal,2025,2.151
Spain,1961,0.739
Spain,1962,0.429
Spain,1963,-0.215
Spain,1964,0.489
Spain,1965,-0.193
Spain,1966,0.402
Spain,1967,0.143
Spain,1968,0.081
Spain,1969,-0.307
Spain,1970,0.109
Spain,1971,-0.761
Spain,1972,-0.847
Spain,1973,-0.188
Spain,1974,-0.459
Spain,1975,-0.114
Spain,1976,-0.393
Spain,1977,-0.185
Spain,1978,0.079
Spain,1979,0.255
Spain,1980,0.157
Spain,1981,0.327
Spain,1982,0.695
Spain,1983,0.542
Spain,1984,-0.176
Spain,1985,0.467
Spain,1986,0.248
Spain,1987,0.709
Spain,1988,0.783
Spain,1989,1.032
Spain,1990,1.445
Spain,1991,0.203
Spain,1992,0.294
Spain,1993,-0.063
Spain,1994,1.019
Spain,1995,1.413
Spain,1996,0.689
Spain,1997,1.506
Spain,1998,1.162
Spain,1999,0.781
Spain,2000,0.778
Spain,2001,1.369
Spain,2002,0.782
Spain,2003,1.566
Spain,2004,0.959
Spain,2005,0.84
Spain,2006,1.474
Spain,2007,0.791
Spain,2008,0.818
Spain,2009,1.3
Spain,2010,0.864
Spain,2011,1.571
Spain,2012,0.999
Spain,2013,0.874
Spain,2014,1.575
Spain,2015,1.49
Spain,2016,1.681
Spain,2017,2.003
Spain,2018,1.109
Spain,2019,1.48
Spain,2020,2.018
Spain,2021,1.356
Spain,2022,2.401
Spain,2023,2.565
Spain,2024,2.283
Spain,2025,2.303
Syria,1961,-0.034
Syria,1962,0.979
Syria,1963,0.557
Syria,1964,-0.685
Syria,1965,-0.174
Syria,1966,0.94
Syria,1967,-1.007
Syria,1968,-0.178
Syria,1969,0.168
Syria,1970,0.653
Syria,1971,-0.163
Syria,1972,-0.906
Syria,1973,-0.398
Syria,1974,-0.168
Syria,1975,-0.177
Syria,1976,-0.849
Syria,1977,0.184
Syria,1978,0.161
Syria,1979,0.899
Syria,1980,-0.199
Syria,1981,0.14
Syria,1982,-0.541
Syria,1983,-0.86
Syria,1984,-0.009
Syria,1985,-0.041
Syria,1986,0.389
Syria,1987,-0.194
Syria,1988,-0.22
Syria,1989,0.35
Syria,1990,0.176
Syria,1991,0.499
Syria,1992,-1.105
Syria,1993,-0.553
Syria,1994,1.294
Syria,1995,0.174
Syria,1996,0.463
Syria,1997,-0.115
Syria,1998,1.154
Syria,1999,1.289
Syria,2000,0.674
Syria,2001,1.159
Syria,2002,0.863
Syria,2003,0.537
Syria,2004,0.641
Syria,2005,0.247
Syria,2006,1.02
Syria,2007,0.774
Syria,2008,1.015
Syria,2009,0.603
Syria,2010,2.427
Syria,2011,0.606
Syria,2012,0.97
Syria,2013,1.286
Syria,2014,1.097
Syria,2015,1.251
Syria,2016,1.736
Syria,2017,1.09
Syria,2018,2.343
Syria,2019,1.505
Syria,2020,1.815
Syria,2021,2.175
Syria,2022,1.448
Syria,2023,1.852
Syria,2024,2.289
Syria,2025,2.093
Tunisia,1961,0.358
Tunisia,1962,0.265
Tunisia,1963,0.07
Tunisia,1964,0.46
Tunisia,1965,-0.022
Tunisia,1966,0.596
Tunisia,1967,0.032
Tunisia,1968,0.086
Tunisia,1969,0.021
Tunisia,1970,-0.26
Tunisia,1971,-0.363
Tunisia,1972,-0.51
Tunisia,1973,-0.213
Tunisia,1974,-0.431
Tunisia,1975,-0.456
Tunisia,1976,-0.842
Tunisia,1977,0.494
Tunisia,1978,-0.495
Tunisia,1979,0.292
Tunisia,1980,-0.323
Tunisia,1981,-0.043
Tunisia,1982,0.686
Tunisia,1983,0.084
Tunisia,1984,-0.257
Tunisia,1985,0.26
Tunisia,1986,0.3
Tunisia,1987,0.46
Tunisia,1988,1.185
Tunisia,1989,0.333
Tunisia,1990,1.275
Tunisia,1991,-0.185
Tunisia,1992,-0.143
Tunisia,1993,0.488
Tunisia,1994,1.18
Tunisia,1995,0.507
Tunisia,1996,0.48
Tunisia,1997,1.105
Tunisia,1998,0.849
Tunisia,1999,1.612
Tunisia,2000,0.874
Tunisia,2001,1.848
Tunisia,2002,1.111
Tunisia,2003,1.557
Tunisia,2004,0.776
Tunisia,2005,0.892
Tunisia,2006,1.111
Tunisia,2007,1.221
Tunisia,2008,1.215
Tunisia,2009,0.687
Tunisia,2010,1.589
Tunisia,2011,0.86
Tunisia,2012,1.414
Tunisia,2013,1.24
Tunisia,2014,1.671
Tunisia,2015,1.047
Tunisia,2016,1.716
Tunisia,2017,1.227
Tunisia,2018,1.362
Tunisia,2019,1.172
Tunisia,2020,1.831
Tunisia,2021,2.372
Tunisia,2022,1.971
Tunisia,2023,2.255
Tunisia,2024,2.69
Tunisia,2025,2.023
Turkiye,1961,0.183
Turkiye,1962,1.039
Turkiye,1963,0.486
Turkiye,1964,-0.717
Turkiye,1965,-0.338
Turkiye,1966,1.428
Turkiye,1967,-0.826
Turkiye,1968,-0.019
Turkiye,1969,-0.058
Turkiye,1970,0.862
Turkiye,1971,0.05
Turkiye,1972,-0.722
Turkiye,1973,-0.474
Turkiye,1974,-0.321
Turkiye,1975,-0.115
Turkiye,1976,-1.144
Turkiye,1977,0.2
Turkiye,1978,-0.046
Turkiye,1979,0.911
Turkiye,1980,-0.094
Turkiye,1981,0.401
Turkiye,1982,-0.222
Turkiye,1983,-0.449
Turkiye,1984,0.339
Turkiye,1985,-0.066
Turkiye,1986,0.434
Turkiye,1987,-0.383
Turkiye,1988,-0.292
Turkiye,1989,0.357
Turkiye,1990,-0.05
Turkiye,1991,0.23
Turkiye,1992,-1.235
Turkiye,1993,-0.811
Turkiye,1994,1.213
Turkiye,1995,0.166
Turkiye,1996,0.293
Turkiye,1997,0.027
Turkiye,1998,1.031
Turkiye,1999,1.265
Turkiye,2000,0.543
Turkiye,2001,1.542
Turkiye,2002,0.814
Turkiye,2003,0.323
Turkiye,2004,0.613
Turkiye,2005,0.453
Turkiye,2006,0.902
Turkiye,2007,0.997
Turkiye,2008,0.874
Turkiye,2009,0.697
Turkiye,2010,2.395
Turkiye,2011,0.416
Turkiye,2012,0.996
Turkiye,2013,1.372
Turkiye,2014,1.333
Turkiye,2015,0.808
Turkiye,2016,1.585
Turkiye,2017,0.761
Turkiye,2018,2.617
Turkiye,2019,1.656
Turkiye,2020,1.821
Turkiye,2021,1.866
Turkiye,2022,1.253
Turkiye,2023,1.987
Turkiye,2024,2.676
Turkiye,2025,1.93
