Country,Country_Code,Year,Agricultural_land_pct,Agriculture_value_added_pct_GDP,Forest_area_pct,GDP_per_capita,Population,Rural_population_pct
Algeria,DZA,2000,16.8032614811021,8.39504849504573,0.662960692602887,1772.92869122761,30903893.0,40.1478760554308
Algeria,DZA,2001,16.8402092587772,8.886179657499,0.677193984230017,1896.30020878013,31331221.0,39.3822827211464
Algeria,DZA,2002,16.7335645368512,8.41302644785912,0.691427275857146,1937.46411413019,31750835.0,38.6187341398838
Algeria,DZA,2003,16.7548514951254,8.45671950735323,0.705660567484276,2283.77299346126,32175818.0,37.8572092013188
Algeria,DZA,2004,17.27518536868,7.72217403415641,0.719893859111406,2816.99384960555,32628286.0,37.0976867951275
Algeria,DZA,2005,17.3028962019364,6.5592713699842,0.734127150738536,3233.13339634212,33109249.0,36.3401458109856
Algeria,DZA,2006,17.2903003686381,6.36600271426263,0.748360442365665,3660.66104745322,33623506.0,35.5845651385691
Algeria,DZA,2007,17.3201105074441,6.32601878401142,0.762593733992795,4167.45169937531,34189416.0,34.8309236675539
Algeria,DZA,2008,17.344042590711,5.54975092049628,0.776827025619925,5180.91881514686,34816961.0,34.098514128841
Algeria,DZA,2009,17.3738527295171,8.01121741497815,0.791060317247055,4235.42990456612,35490445.0,33.4902615440479
Algeria,DZA,2010,17.3713335628574,7.53171561491377,0.805293608874184,4912.78585503672,36188236.0,32.8764942132541
Algeria,DZA,2011,17.3772116183966,7.08352512171367,0.808484553309765,5916.31364364343,36903376.0,32.2655992492422
Algeria,DZA,2012,17.381490003107,8.02697167412095,0.811675497745346,6033.64884689543,37646166.0,31.6578741446325
Algeria,DZA,2013,17.3955322579291,9.12007464194984,0.814866442180927,5979.60138960585,38414171.0,31.0536163920723
Algeria,DZA,2014,17.3952656461243,9.40707440856373,0.818057386616507,6094.69392314956,39205031.0,30.4531234842385
Algeria,DZA,2015,17.4059228102468,10.5327896965018,0.821247986241997,4685.05902729002,40019529.0,29.8566929138388
Algeria,DZA,2016,17.3655321884285,11.0683130545794,0.821247986241997,4424.98529027556,40850721.0,29.2646221736149
Algeria,DZA,2017,17.3550108093197,11.0318809304784,0.815789794104397,4554.66753957828,41689299.0,28.6772087563449
Algeria,DZA,2018,17.3565679895505,11.2438301354995,0.810331601966797,4577.21029180491,42505035.0,28.094750154847
Algeria,DZA,2019,17.3469816184806,11.4791798857164,0.814110692183026,4468.45341883656,43294546.0,27.5175438619825
Algeria,DZA,2020,17.3352255074022,12.8341693887186,0.818309303282474,3743.5419522929,44042091.0,26.9458873706605
Algeria,DZA,2021,17.3306070351928,11.2354345605089,0.822088053271978,4160.55926736925,44761099.0,26.3800781738427
Algeria,DZA,2022,17.351348174024,10.6470638553472,0.826286664371426,4960.30334332888,45477389.0,25.8204137645486
Algeria,DZA,2023,17.359031632336,13.3692450434856,0.830314224054683,5370.477235078,46164219.0,25.267191635862
Algeria,DZA,2024,17.359031632336,13.9597061505767,0.830314224054683,5752.99076651465,46814308.0,24.7207092809382
Egypt,EGY,2000,3.30604249334472,15.5380770361658,0.0594806368978854,1366.09274372613,73083284.0,57.2660601067481
Egypt,EGY,2001,3.35325732080968,15.3512684694731,0.060126575920438,1295.1374184163,74652029.0,57.2164493234667
Egypt,EGY,2002,3.4396504093626,15.4048561625759,0.0607725149429906,1116.82884626213,76239137.0,57.1652370516083
Egypt,EGY,2003,3.4245818474057,15.2867065868263,0.0614184539655432,1031.27556291284,77853548.0,57.1165314466208
Egypt,EGY,2004,3.49389723240745,14.2699361219864,0.0620643929880958,991.255689145253,79477443.0,57.0744406639524
Egypt,EGY,2005,3.53910291827817,13.9816898792943,0.0627103320106484,1105.53920713903,81101004.0,57.0430728590512
Egypt,EGY,2006,3.54914862624943,13.2372025254978,0.0633562710332011,1298.97900203124,82700403.0,57.0270008319896
Egypt,EGY,2007,3.55417148023507,13.4201262083781,0.0640022100557537,1547.74170735909,84276225.0,57.0270333655491
Egypt,EGY,2008,3.55818976342358,12.6302400893356,0.0646481490783063,1896.21594269779,85864789.0,57.0391010879127
Egypt,EGY,2009,3.70586167060124,12.9979466513145,0.0652940881008589,2161.63964573927,87501636.0,57.0616529375096
Egypt,EGY,2010,3.68777939625295,13.3407591579645,0.0659400271234115,2455.08194645282,89196072.0,57.0942824479846
Egypt,EGY,2011,3.63654628559948,13.8691050980964,0.0624802852981064,2590.64384891965,91093059.0,57.1365831529823
Egypt,EGY,2012,3.71289366618112,11.2727652713919,0.0590205434728013,2996.0677072015,93161001.0,57.1881485861475
Egypt,EGY,2013,3.74802350695665,11.2743496022361,0.0555608016474961,3025.52563552448,95333553.0,57.2485722811249
Egypt,EGY,2014,3.73217137977799,11.3377089201878,0.052101059822191,3133.39102265541,97528654.0,57.3174477715592
Egypt,EGY,2015,3.80719985936009,11.3940627685257,0.0486413179968858,3306.98159414141,99597342.0,57.3943685910952
Egypt,EGY,2016,3.75083168416294,11.769316084742,0.0451855944547692,3270.6287768197,101644589.0,57.4789282733775
Egypt,EGY,2017,3.85450680596715,10.9863806449848,0.0451855944547692,2395.10333299491,103696057.0,57.5513991312821
Egypt,EGY,2018,3.88065698930132,10.8302490249025,0.0451855944547692,2484.70315630508,105682094.0,57.5422822550031
Egypt,EGY,2019,3.93992666633181,10.6971354538956,0.0451855944547692,2962.98892023003,107553158.0,57.5187972667352
Egypt,EGY,2020,3.98915063539103,11.1668239443487,0.0451855944547692,3511.11381026379,109315124.0,57.4818465369326
Egypt,EGY,2021,4.04942488321865,11.4369326589725,0.0451855944547692,3827.35415374308,110957008.0,57.4313937378532
Egypt,EGY,2022,4.07654829474107,10.9457535224737,0.0451855944547692,4233.30783744856,112618250.0,57.3674870991968
Egypt,EGY,2023,4.07654829474107,10.6003111645036,0.0451855944547692,3456.78965212363,114535772.0,57.2901884958081
Egypt,EGY,2024,4.07654829474107,13.7121128792805,0.0451855944547692,3338.47371043679,116538258.0,57.1995636061596
Greece,GRC,2000,66.1675717610551,5.50251363510967,27.93040806827,11638.2010697215,10805808.0,27.334357089016
Greece,GRC,2001,65.4615981380915,5.36221949397772,28.1643669511249,12156.9572824221,10862132.0,27.1539296211498
Greece,GRC,2002,64.7245927075252,5.22103153499556,28.398326609775,13782.195640943,10902022.0,26.9022890357484
Greece,GRC,2003,64.0186190845617,5.3240542693888,28.63228549263,18020.612039764,10928070.0,26.567731975907
Greece,GRC,2004,62.6842513576416,4.54970535485524,28.8662451512801,21449.2552764245,10955141.0,26.1732397076272
Greece,GRC,2005,62.1024049650892,4.47718109899217,29.100204034135,22054.1315756886,10987314.0,25.7382623305689
Greece,GRC,2006,61.0007757951901,3.28557674416163,29.3341629169899,24416.0232970275,11020362.0,25.282249944392
Greece,GRC,2007,60.1474010861133,3.15474298162147,29.56812257564,28440.7625328955,11048473.0,24.8246526487561
Greece,GRC,2008,59.4026377036462,2.89505867715816,29.802081458495,31695.8331092209,11077841.0,24.384920543321
Greece,GRC,2009,58.6501163692785,2.92582395634654,30.0360411171451,29425.4573200263,11107017.0,23.9825037277465
Greece,GRC,2010,58.0993017843289,2.9142102078812,30.27,26653.0488008626,11121341.0,23.6368523016923
Greece,GRC,2011,57.377812257564,3.0618456010827,30.27,25504.7866510124,11104899.0,23.3647390070593
Greece,GRC,2012,56.5011636927851,3.41908207828197,30.27,21624.346052551,11045011.0,23.1320202550678
Greece,GRC,2013,55.4926299456943,3.35146223879432,30.27,21573.3449762805,10965211.0,22.9048000349829
Greece,GRC,2014,48.1070597362296,3.53346105430384,30.27,21474.7257123892,10892413.0,22.6869513724134
Greece,GRC,2015,48.0915438324282,3.82153798821664,30.27,17980.7298238137,10820883.0,22.4805573682455
Greece,GRC,2016,47.6027928626843,3.45812941533327,30.2699767261443,17919.2426377048,10775971.0,22.2877011233652
Greece,GRC,2017,46.9630783553142,3.7522702094539,30.2699767261443,18631.9930129293,10754679.0,22.1104657386589
Greece,GRC,2018,46.1108642358417,3.52573090341626,30.2699767261443,19873.4015238771,10732882.0,21.9509343150126
Greece,GRC,2019,45.4892645461598,3.66151933931312,30.2699767261443,19335.3602002969,10721582.0,21.8111899533125
Greece,GRC,2020,43.6358456167572,3.9238294812332,30.2699767261443,17886.733165236,10698599.0,21.6933157544448
Greece,GRC,2021,44.3128673390225,3.53173488105093,30.2699767261443,20652.89659591,10570130.0,21.6115101352558
Greece,GRC,2022,41.6760170674942,3.78490731948212,30.2699767261443,20884.6773436263,10437805.0,21.4497809019191
Greece,GRC,2023,41.6760178432894,3.74222017907683,30.2699767261443,23343.7103964562,10407351.0,21.2253696157912
Greece,GRC,2024,41.6760178432894,3.765512541308,30.2699767261443,24626.1481858973,10405134.0,21.0032143499466
Italy,ITA,2000,52.8780797922345,2.55763392992713,28.3014561169763,20190.0035636084,56942108.0,32.8067716213757
Italy,ITA,2001,52.4215637871215,2.4818910807856,28.5242325458714,20570.4385917862,56976981.0,32.72480117712
Italy,ITA,2002,51.6471773784484,2.36532442144257,28.7470089747665,22451.3964379368,57089824.0,32.6461213433462
Italy,ITA,2003,50.4095117645865,2.35238168739719,28.9697854036616,27577.5700319855,57399184.0,32.5700585388213
Italy,ITA,2004,50.3283533636776,2.34229627595505,29.1925618325567,31348.1901841445,57828179.0,32.4927500260092
Italy,ITA,2005,49.8312581581101,2.03006110909468,29.4153382614518,32062.723833669,58166682.0,32.4102830681581
Italy,ITA,2006,48.0288653379233,1.94158568418969,29.6381146903469,33537.1286994269,58399861.0,32.3187449285166
Italy,ITA,2007,47.8902197363705,1.89414967924379,29.860891119242,37826.1754554823,58756247.0,32.2142228703331
Italy,ITA,2008,48.8884680675508,1.87300893559166,30.0836675481371,40828.5795580937,59211181.0,32.0928041568559
Italy,ITA,2009,47.2828843695683,1.80208177882956,30.3064439770322,37099.6133958219,59555454.0,31.9505760513335
Italy,ITA,2010,48.45088902265,1.76928173132246,30.5292204059273,35856.8625485539,59819407.0,31.7836258170143
Italy,ITA,2011,46.8439526846523,1.84910093882918,30.7111775407652,38432.3742820019,60026841.0,31.5984926110489
Italy,ITA,2012,46.4259869199711,1.90886941227517,30.8931346756031,34854.3949441965,60191247.0,31.2391205764741
Italy,ITA,2013,46.0912085162215,2.05779366637333,31.075091810441,35701.6746002376,60311613.0,30.6926010083924
Italy,ITA,2014,44.5086196984965,1.90848213125891,31.2570489452789,36028.3494022349,60320707.0,30.4192361385121
Italy,ITA,2015,43.7748124902779,1.99152552817849,31.4390060801169,30639.8829751432,60229605.0,30.3899993896484
Italy,ITA,2016,43.3250596852407,1.84915248302101,31.6209699781549,31391.5692898108,60115223.0,30.4030767474714
Italy,ITA,2017,43.3743295977925,1.89343264776643,31.8029338761929,32844.115660604,60002252.0,30.4819215740618
Italy,ITA,2018,41.948748469826,1.85755612561626,31.9848977742309,35062.3364176949,59877221.0,30.5199966430664
Italy,ITA,2019,44.3699956377212,1.81866879873849,32.1669704480973,33812.788724868,59729081.0,30.4949989318847
Italy,ITA,2020,42.332263616904,1.9280162015612,32.3489349614665,32091.4866621366,59438851.0,30.4812507629394
Italy,ITA,2021,41.9422315930434,1.83339290794707,32.5308994748357,36852.5425414951,59133173.0,30.5187492370606
Italy,ITA,2022,43.9631475720276,1.89037175125669,32.7125321249831,35653.9042103495,59013667.0,30.5160220233461
Italy,ITA,2023,44.2565839307453,1.8596431753596,32.8944947923712,39279.699782164,58984216.0,30.4618459876699
Italy,ITA,2024,44.2565839307453,2.00789616423237,32.8944947923712,40429.6224047352,58952704.0,30.3952464856929
Libya,LBY,2000,8.78070404764882,,0.123327687918433,7214.10040377084,5305021.0,13.0491486273158
Libya,LBY,2001,8.78070404764882,,0.123327687918433,6312.80030498965,5403639.0,12.6805544122543
Libya,LBY,2002,8.78070404764882,5.18529909272643,0.123327687918433,3718.29434696755,5508410.0,12.3743807249254
Libya,LBY,2003,8.78070404764882,4.09220701963117,0.123327687918433,4674.09943200321,5619398.0,12.1340119499542
Libya,LBY,2004,8.74376257430919,3.34262291274763,0.123327687918433,5773.76333234281,5736693.0,11.9628324719654
Libya,LBY,2005,8.74376257430919,2.51001097978428,0.123327687918433,8079.24957329001,5858798.0,11.864226675584
Libya,LBY,2006,8.74376257430919,1.51764483817067,0.123327687918433,10048.8480434289,5980211.0,11.8400439757052
Libya,LBY,2007,8.74376257430919,1.54141662252696,0.123327687918433,11144.9448413435,6104380.0,11.8439712524414
Libya,LBY,2008,8.74376257430919,1.38365254109486,0.123327687918433,13906.1407818125,6235430.0,11.8525543212891
Libya,LBY,2009,8.74376257430919,2.15806763082219,0.123327687918433,9551.05403869755,6366686.0,11.8654174804688
Libya,LBY,2010,8.72443934210078,1.79953001101668,0.123327687918433,11600.9068649472,6497839.0,11.8822860717773
Libya,LBY,2011,8.72443934210078,3.05766833710666,0.123327687918433,7593.8391525702,6343203.0,11.9029541015625
Libya,LBY,2012,8.72671266353706,1.81559365235981,0.123327687918433,14975.8902795144,6179328.0,11.9272079467773
Libya,LBY,2013,8.72671266353706,2.41548515289585,0.123327687918433,11951.7134126011,6304628.0,11.9548568725586
Libya,LBY,2014,8.72387101174171,3.51667860719144,0.123327687918433,8926.42074591474,6427252.0,11.9857940673828
Libya,LBY,2015,8.72387101174171,4.3862973349324,0.123327687918433,7458.48917756374,6531819.0,12.1840896606445
Libya,LBY,2016,8.72387101174171,4.61177989572916,0.123327687918433,7525.80299308216,6632126.0,12.1839943296823
Libya,LBY,2017,8.72387101174171,3.87477645520451,0.123327687918433,9965.83236729757,6738770.0,12.1833270129472
Libya,LBY,2018,8.72387101174171,3.66012922036917,0.123327687918433,11196.5854810844,6849055.0,12.181515724666
Libya,LBY,2019,8.72387101174171,2.04201619232517,0.123327687918433,9963.19489084483,6951033.0,12.1779884790658
Libya,LBY,2020,8.72387101174171,4.326770152924,0.123327687918433,6650.33810585348,7045399.0,12.1721732903737
Libya,LBY,2021,8.72387101174171,1.9292341608539,0.123327687918433,4935.82787349801,7135175.0,12.1634981728165
Libya,LBY,2022,8.72387101174171,1.68643769937353,0.123327687918433,5986.63694851258,7223805.0,12.1513911406214
Libya,LBY,2023,8.72387101174171,1.7692779613025,0.123327687918433,6026.51518708812,7305659.0,12.1352802080152
Libya,LBY,2024,8.72387101174171,2.39197609901835,0.123327687918433,6569.16408678648,7381023.0,12.1145933892251
Morocco,MAR,2000,68.6802599148555,10.7286317929553,12.3382030024647,1499.107421875,28423435.0,46.41275288875
Morocco,MAR,2001,68.0483979386063,11.8761776238587,12.3758525655389,1506.24523925781,28814643.0,46.1027386502781
Morocco,MAR,2002,67.8534617969975,11.8432781663725,12.413502128613,1596.02062988281,29198142.0,45.777254169823
Morocco,MAR,2003,69.1821644633655,12.4918601820552,12.4511516916872,1941.87255859375,29571415.0,45.4217188859229
Morocco,MAR,2004,67.3112256329823,11.869333718001,12.4888012547614,2183.55541992188,29953018.0,45.0212430339131
Morocco,MAR,2005,67.1947120770782,10.6988804483578,12.5264508178355,2242.98828125,30358144.0,44.5602201323601
Morocco,MAR,2006,67.0983643289267,12.304168098197,12.5641003809097,2438.12646484375,30771178.0,44.0372410370176
Morocco,MAR,2007,67.1297333632086,9.8752466486995,12.6017499439839,2755.5859375,31186468.0,43.4696158700936
Morocco,MAR,2008,67.1767869146314,10.864961794312,12.639399507058,3183.20043945313,31606767.0,42.8745830727384
Morocco,MAR,2009,67.2251848532377,11.9650475529562,12.6770490701322,3119.58862304688,32030778.0,42.2693810861023
Morocco,MAR,2010,67.1931436253641,11.9620812709231,12.7146986332064,3067.9853515625,32467016.0,41.6712483513354
Morocco,MAR,2011,67.4519381581896,12.0819026098454,12.7192336993054,3301.98876953125,32912588.0,41.097423309588
Morocco,MAR,2012,68.1223392336993,11.3297511522793,12.7237687654044,3164.17724609375,33355241.0,40.5651444020105
Morocco,MAR,2013,68.5301366793637,12.3583661932506,12.7283038315035,3379.7431640625,33787571.0,40.0916500697531
Morocco,MAR,2014,67.404212413175,10.3531465249527,12.7328388976025,3435.40698242188,34204780.0,39.6969513828346
Morocco,MAR,2015,67.3246695048174,11.7961931846113,12.7373739637015,3146.24780273438,34607588.0,39.3582875262846
Morocco,MAR,2016,69.1799238180596,10.3219651103177,12.7712077078199,3140.85546875,35023457.0,39.0342343462821
Morocco,MAR,2017,69.5643024871163,11.1602887992375,12.7976473224289,3296.52661132813,35446392.0,38.7238942968158
Morocco,MAR,2018,68.3975066099036,11.3055402401365,12.8200537754873,3501.69799804688,35839760.0,38.4304177246686
Morocco,MAR,2019,66.34978041676,10.8424017370039,12.8435805511987,3508.09765625,36210898.0,38.1569549766235
Morocco,MAR,2020,67.0205229666144,10.6636401420592,12.8668832623796,3268.0302734375,36584208.0,37.9066563994634
Morocco,MAR,2021,67.0350365225185,11.9779439009277,12.8903354246023,3785.93627929688,36954442.0,37.6826723399711
Morocco,MAR,2022,65.8091218911046,9.79618893785634,12.9136878781089,3463.1376953125,37329064.0,37.4881531449297
Morocco,MAR,2023,66.7449381581896,11.1311743840061,12.9371068787811,3813.72607421875,37712505.0,37.326249161122
Morocco,MAR,2024,66.7449381581896,10.5673287621047,12.9371068787811,4153.1943359375,38081173.0,37.2001875981803
Portugal,PRT,2000,43.2391256830601,3.10974828415915,35.8579234972678,11526.3720667968,10289898.0,45.5948364610858
Portugal,PRT,2001,42.1182513661202,2.96074957358316,35.8262295081967,11734.7649743954,10362722.0,44.9320166990788
Portugal,PRT,2002,42.3794535519126,2.72289086156617,35.7945355191257,12936.6928204482,10419631.0,44.210700130321
Portugal,PRT,2003,41.6795628415301,2.65118079570935,35.7628415300546,15797.7821340276,10458821.0,43.4134490479287
Portugal,PRT,2004,42.2908196721311,2.60214117997755,35.7311475409836,18064.1580932987,10483861.0,42.5828142352336
Portugal,PRT,2005,41.8048540505084,2.30349335448735,35.71116212966,18780.12751241,10503330.0,41.7549236610415
Portugal,PRT,2006,41.0807915163442,2.25313751520814,35.679457745709,19839.4540499032,10522288.0,40.9659052941581
Portugal,PRT,2007,40.0231769979228,1.99815593954667,35.647753361758,22811.0564844365,10542964.0,40.2518871033891
Portugal,PRT,2008,40.7331365475019,1.96377185231981,35.6160489778069,24949.0413566739,10558177.0,39.6489970575405
Portugal,PRT,2009,40.3491647559777,1.95062621184125,35.5377224587837,23151.2154130712,10568247.0,39.1933631254178
Portugal,PRT,2010,39.8970411616989,1.94034870976094,35.5060596134949,22551.935098809,10573100.0,38.9211132758269
Portugal,PRT,2011,39.8445245114095,1.8384390598893,35.6370782836554,23246.5425416481,10557560.0,38.8589301604498
Portugal,PRT,2012,40.0088437602358,1.92004687349348,35.7680969538159,20593.4274224109,10514844.0,38.8590206085334
Portugal,PRT,2013,40.4027282294018,2.04188706497902,35.893158903643,21676.4859642714,10457295.0,38.8594684784358
Portugal,PRT,2014,39.996244771062,1.97659101484386,36.0239985328408,22120.6850127107,10401062.0,38.8605462638884
Portugal,PRT,2015,39.7222440549486,1.97541250129625,36.154994891142,19215.7813014347,10358076.0,38.862530788462
Portugal,PRT,2016,39.5066458819112,1.92235840837832,36.154994891142,19980.2808866516,10325452.0,38.8656988757277
Portugal,PRT,2017,40.1000899508327,1.96367345206825,36.154994891142,21442.3842768879,10300300.0,38.8703273492564
Portugal,PRT,2018,40.791900276839,1.91817470918666,36.154994891142,23541.1401075289,10283822.0,38.8766930326192
Portugal,PRT,2019,43.1253165745326,1.99991845769704,36.154994891142,23343.3628970034,10286263.0,38.885072749387
Portugal,PRT,2020,43.1660902826901,2.14089692520428,36.154994891142,22299.4044062173,10297081.0,38.8957433231309
Portugal,PRT,2021,43.2538567511157,2.16204629838151,36.154994891142,24711.4510062111,10361831.0,38.9048750703403
Portugal,PRT,2022,42.7894964936641,1.90543676193935,36.154994891142,24620.5197587181,10434332.0,38.8740744227218
Portugal,PRT,2023,43.33752194189,2.13721069426312,36.154994891142,27634.6183139773,10578174.0,38.7951347366336
Portugal,PRT,2024,43.33752194189,2.01918518592571,36.154994891142,29328.3067415343,10694681.0,38.6718092658668
Spain,ESP,2000,59.6513026052104,3.7443114170073,34.256372745491,14743.2671031455,40567864.0,23.8349447650398
Spain,ESP,2001,59.2152772205729,3.67425723081839,34.5805002808313,15368.2337984435,40850412.0,23.6843110489615
Spain,ESP,2002,58.9511862776531,3.48212189760772,34.8353077909586,17111.0685058941,41431558.0,23.5065782750462
Spain,ESP,2003,58.3982692654394,3.42077756723389,35.114186414535,21522.0170990262,42187645.0,23.290664409141
Spain,ESP,2004,58.2375095156056,3.11780935959045,35.4070555711367,24925.0267844576,42921895.0,23.0450372452867
Spain,ESP,2005,58.4343505179427,2.75836581828682,35.7042517381635,26450.9530130382,43653155.0,22.7793198079706
Spain,ESP,2006,57.3429796785442,2.40075384884813,36.002998116157,28421.686527407,44397319.0,22.5031351216798
Spain,ESP,2007,56.1078720121817,2.4946614560374,36.2844202680772,32652.015594702,45226803.0,22.2261062109013
Spain,ESP,2008,56.4194065757819,2.35367195478016,36.5979510825982,35603.248328071,45954106.0,21.9578561001223
Spain,ESP,2009,56.0903220631292,2.24960158062983,36.8992880920868,32279.8208476151,46362946.0,21.7080078138299
Spain,ESP,2010,55.0888982220356,2.41740898393438,37.089938201236,30658.7422282912,46576897.0,21.4861843765112
Spain,ESP,2011,54.0409698327599,2.3625185975353,37.1019204609106,31824.6219134777,46742697.0,21.304602043505
Spain,ESP,2012,53.8613782211471,2.39776671776239,37.0797784930329,28456.4438151477,46773055.0,21.1544319698382
Spain,ESP,2013,53.4439535395134,2.60946207875576,37.0821135123248,29228.846559842,46604197.0,21.0141913097888
Spain,ESP,2014,53.1336838527818,2.52697678134345,37.0844485316167,29707.765509467,46460733.0,20.8803286166512
Spain,ESP,2015,53.1890621841609,2.72327046339292,37.1275324670126,25982.4416197775,46422303.0,20.7545107256977
Spain,ESP,2016,52.5772473596977,2.81522075003094,37.142868581403,26755.6061149398,46458139.0,20.6384044722003
Spain,ESP,2017,52.6387138276281,2.80344676690393,37.1522339173654,28381.3425596906,46571232.0,20.5336766914317
Spain,ESP,2018,52.408209711446,2.70128254621885,37.1566467814769,30602.4212881113,46782011.0,20.4419942186639
Spain,ESP,2019,52.4584917258728,2.51980122994951,37.1677215644695,29786.5245689007,47118501.0,20.3650238891693
Spain,ESP,2020,52.3316792232841,2.78468031745976,37.1773054885498,27233.9426461608,47359424.0,20.3044325382201
Spain,ESP,2021,52.4848941208322,2.76824927112995,37.1727521093233,30799.4775937775,47443821.0,20.2153757016402
Spain,ESP,2022,53.3572810066811,2.36964000049424,37.1827922798055,30319.4987196616,47786102.0,20.0451205432186
Spain,ESP,2023,49.5753269878931,2.6062235563618,37.1925889548355,33493.2225409111,48352528.0,19.871508998144
Spain,ESP,2024,49.5753269878931,2.75300596488807,37.1925889548355,35326.7683069278,48848840.0,19.684800178793
Syria,SYR,2000,74.6055065839591,24.7339772855403,2.35107193383393,1138.18722723683,16637888.0,48.123188387862
Syria,SYR,2001,74.6708020459245,25.4975511779491,2.38371966481663,1177.53806921268,17051338.0,47.7145362969241
Syria,SYR,2002,74.8666884318207,24.8635435252136,2.41636739579933,1189.98119453595,17468332.0,47.3042254300836
Syria,SYR,2003,75.2383027398006,24.6554759380094,2.45154964867368,1220.179077256,17889296.0,46.8975989451668
Syria,SYR,2004,75.7476711881026,22.4332996039678,2.48450182491693,1368.11263904001,18336875.0,46.5
Syria,SYR,2005,75.3282126709157,20.293121708002,2.51718690417824,1533.90017615946,18814091.0,46.1772797625305
Syria,SYR,2006,75.5704405598214,21.4567815802916,2.5490388280782,1718.78469956591,19637022.0,45.940229619477
Syria,SYR,2007,75.6752341537791,19.4588025950103,2.5815726421259,1937.61199094087,20884125.0,45.7116030568226
Syria,SYR,2008,75.6806795905032,18.7564030905377,2.61424526247005,2429.1247629459,21636564.0,45.4141535605507
Syria,SYR,2009,75.7351339577434,22.7950178570023,2.6469178828142,2462.20127278738,21976969.0,44.9706346166448
Syria,SYR,2010,75.7392582911289,19.4389724414256,2.67973642650983,2730.61487784917,22482421.0,44.3037997110881
Syria,SYR,2011,75.7773784240048,20.6469030981773,2.71241082611774,2952.14372909443,22878098.0,41.5182295816479
Syria,SYR,2012,75.8100528236127,23.432298282026,2.74508522572564,1897.66115018696,22759763.0,34.9103337169665
Syria,SYR,2013,75.8100528236127,25.1049303727798,2.77775962533355,985.892669221634,21666917.0,26.9379508113863
Syria,SYR,2014,75.7991613570767,26.8601256182656,2.81043402494146,1060.59105887433,20273659.0,24.0
Syria,SYR,2015,75.7882698905408,33.1304655969871,2.84310842454937,847.731545352582,19424618.0,24.2470932811458
Syria,SYR,2016,75.7835103196645,34.1668749627531,2.84310842454937,656.349017520952,19193834.0,24.84599036602
Syria,SYR,2017,75.804775908076,40.6356090849324,2.84310842454937,851.501972646386,19224668.0,25.4604403676608
Syria,SYR,2018,75.7920165550291,39.0098877578608,2.84310842454937,1098.06667935023,19577845.0,25.9387397618225
Syria,SYR,2019,75.7574143658444,40.7410419328786,2.84310842454937,1109.53933821464,20353534.0,26.1751211738014
Syria,SYR,2020,75.7685345531776,32.652890568598,2.84310842454937,593.911771822527,21049429.0,26.5874968897488
Syria,SYR,2021,74.9930675815499,38.6743054965317,2.84310842454937,688.566109726934,21628839.0,26.9874992370605
Syria,SYR,2022,74.0946468441976,42.8517272820162,2.84267276588793,1056.78264718197,22462173.0,27.3875007629395
Syria,SYR,2023,74.0946468441976,,2.84310842454937,,23594623.0,27.8326196856796
Syria,SYR,2024,74.0946468441976,,2.84310842454937,,24672760.0,27.9238654241746
Tunisia,TUN,2000,61.476570545829,10.006319351485,4.29872554067971,2199.04465936314,9764935.0,36.3833346177416
Tunisia,TUN,2001,61.1418640576725,9.4218557064738,4.31132852729145,2235.71981624751,9869677.0,36.0458242546642
Tunisia,TUN,2002,62.8411431513903,8.29848151435206,4.32393151390319,2320.7723805785,9971515.0,35.7177445107495
Tunisia,TUN,2003,62.9763130792997,9.2914975178949,4.33653450051493,2725.8643148859,10071632.0,35.3944027312456
Tunisia,TUN,2004,63.2723995880536,9.90254515493647,4.34913748712667,3067.41936376975,10166163.0,35.0727258538662
Tunisia,TUN,2005,63.2337796086509,9.16983114804996,4.36174047373841,3146.8260743927,10255472.0,34.7659098260996
Tunisia,TUN,2006,63.1179196704428,9.28070949947767,4.37434346035015,3322.56933570096,10346410.0,34.4790190348479
Tunisia,TUN,2007,63.1114830072091,8.64201987385816,4.3869464469619,3726.91672935667,10441702.0,34.1999969482422
Tunisia,TUN,2008,63.6006694129763,7.8486499786515,4.39954943357364,4255.05008019523,10542635.0,33.9323946015639
Tunisia,TUN,2009,63.0084963954686,8.45660665471427,4.41215242018538,4080.09032448781,10650681.0,33.6637802124023
Tunisia,TUN,2010,64.6112255406797,6.846146170059,4.42475540679712,4291.86120891575,10765980.0,33.3719940185547
Tunisia,TUN,2011,64.8300720906282,7.57684450427472,4.4346035015448,4420.64772206537,10886035.0,33.0808113802143
Tunisia,TUN,2012,63.8645726055613,8.30025725587419,4.44445159629248,4297.26782454273,11009647.0,32.7901077270508
Tunisia,TUN,2013,63.9997425334707,7.96930864809374,4.45429969104016,4369.79345826358,11141361.0,32.5000457763672
Tunisia,TUN,2014,62.8282698249228,8.57165956609159,4.46414778578785,4458.97895464547,11274288.0,32.2475356620899
Tunisia,TUN,2015,63.2981462409887,9.20589918732503,4.47399588053553,4014.94773686432,11402264.0,32.1192092895508
Tunisia,TUN,2016,62.45236869207,8.52541115305462,4.48384397528321,3847.80354448809,11528674.0,31.9376643471752
Tunisia,TUN,2017,62.7117662203914,8.986045690927,4.4936920700309,3619.03247319953,11650498.0,31.7122192382812
Tunisia,TUN,2018,62.4388516992791,9.88852551876126,4.50354016477858,3628.10366464236,11765514.0,31.4514759727491
Tunisia,TUN,2019,62.4388516992791,9.76625873287072,4.51338825952626,3528.87213306798,11875081.0,31.1793617423969
Tunisia,TUN,2020,62.4388516992791,10.3917002295357,4.52323635427395,3548.65363663803,11974057.0,30.8956833561524
Tunisia,TUN,2021,62.4388516992791,10.0900379034943,4.53308444902163,3906.93926319391,12048622.0,30.6002476229432
Tunisia,TUN,2022,62.4388516992791,10.8217247722212,4.54293254376931,3707.29283414381,12119334.0,30.292861351697
Tunisia,TUN,2023,62.4388516992791,9.47367928951245,4.55278063851699,3951.11683376921,12200431.0,29.9733313513416
Tunisia,TUN,2024,62.4388516992791,9.73863393101929,4.55278063851699,4187.64079392362,12277109.0,29.6414644308045
Turkiye,TUR,2000,52.5954029858503,10.01837794564,26.1792679599288,4199.3798635759,65425961.0,41.0293879993597
Turkiye,TUR,2001,53.2307732286943,8.77213969287109,26.3007198264101,3052.2256706793,66245128.0,40.1277538582684
Turkiye,TUR,2002,53.5270194768915,10.1712688801184,26.4221716928914,3591.08628982587,67048795.0,39.2614657270577
Turkiye,TUR,2003,52.8097917180983,9.77425990072158,26.5436235593727,4649.63668068586,67831730.0,38.4154939346742
Turkiye,TUR,2004,53.5452100359913,9.30334217653319,26.665075425854,5979.6054216148,68592617.0,37.5611518826738
Turkiye,TUR,2005,53.5621012694412,9.1349746278064,26.7865272923353,7331.85429430255,69329557.0,36.6697529726126
Turkiye,TUR,2006,52.6135935449502,8.06197674009426,26.9079791588166,7990.08251407245,70045349.0,35.7126106060464
Turkiye,TUR,2007,51.3298598027624,7.41825141005247,27.0294310252979,9766.91734545294,70158112.0,34.6610381845313
Turkiye,TUR,2008,50.8322180788171,7.38022403324347,27.1508828917792,10913.4079047769,71051678.0,33.486349109623
Turkiye,TUR,2009,50.5580603666697,8.01952664747498,27.2723347582605,9076.92472236977,72039206.0,32.1598567828777
Turkiye,TUR,2010,50.6892922573184,8.90737962747164,27.3937866247418,10698.9699409757,73142150.0,30.6528746058513
Turkiye,TUR,2011,49.6953081350779,8.1265846445357,27.535990021179,11373.6355760885,74223629.0,28.9971276471666
Turkiye,TUR,2012,49.9032002390759,7.658344974583,27.6781934176163,11776.7593362033,75175827.0,26.2211319765676
Turkiye,TUR,2013,49.9239894494757,6.64997261417217,27.8203968140535,12635.5570016068,76147624.0,21.4781631615304
Turkiye,TUR,2014,50.0942011096241,6.53828042868413,27.9626002104908,12209.3862327674,77181884.0,16.3975149255567
Turkiye,TUR,2015,50.0903031326741,6.87689834308907,28.104803606928,11064.6494504662,78218479.0,12.7832892027463
Turkiye,TUR,2016,49.8005535127269,6.26556196399699,28.104803606928,10984.3643169061,79277962.0,11.8979041418224
Turkiye,TUR,2017,49.3275989761314,6.19642323537778,28.2635292283305,10756.3877677883,80312698.0,11.9679527282714
Turkiye,TUR,2018,49.1171082208334,6.00418639185492,28.4660940971636,9684.11819884721,81407204.0,11.8344250423827
Turkiye,TUR,2019,49.0053662149344,6.6541535628227,28.6687888985616,9395.23378001368,82579440.0,11.3381847142876
Turkiye,TUR,2020,49.0651351948339,6.89122590909685,28.8714836999597,8798.11791709313,83384680.0,11.0696885034778
Turkiye,TUR,2021,49.4900146823798,5.70488171636816,29.0741785013578,9981.76398411336,84147318.0,10.8237951846761
Turkiye,TUR,2022,50.0253368501748,6.69360961922604,29.2768733027559,10897.8397861365,84979913.0,10.9618835449219
Turkiye,TUR,2023,50.1383781817237,6.38984597795627,29.4795681041539,13375.0947282864,85325965.0,10.9781553203879
Turkiye,TUR,2024,50.1383781817237,5.82042467876951,29.4795681041539,15892.7157287241,85518661.0,10.6556877126113
